StateYear,Residential CO2 emissions per capita,Total domestic water use per capita,Total energy consumption per capita,Renewable energy consumption per capita,Petroleum product consumption per capita,Outcome,Average ranking
Hawaii1980,1.0,50.0,29.0,24.0,2.0,D,21.0
Florida1980,2.0,46.0,28.0,18.0,7.0,R,20.0
Arizona1980,3.0,1.0,26.0,40.0,3.0,R,15.0
Tennessee1980,4.0,13.0,48.0,48.0,8.0,R,24.0
Idaho1980,5.0,49.0,9.0,34.0,16.0,R,23.0
Oregon1980,6.0,40.5,24.0,46.0,17.0,R,27.0
Washington1980,7.0,44.0,50.0,50.0,19.0,R,34.0
South Carolina1980,8.0,15.5,41.0,44.0,27.0,R,27.0
Mississippi1980,9.0,7.0,13.0,14.0,15.0,R,12.0
Alabama1980,10.0,27.0,34.0,43.0,11.0,R,25.0
Texas1980,11.0,42.0,45.0,19.0,6.0,R,25.0
Louisiana1980,12.0,37.5,39.0,21.0,4.0,R,23.0
Georgia1980,13.0,30.5,31.0,31.0,14.0,D,24.0
North Carolina1980,14.0,17.0,44.0,47.0,33.0,R,31.0
Nevada1980,15.0,48.0,16.0,22.0,12.0,R,23.0
California1980,16.0,34.0,25.0,30.0,1.0,R,21.0
Arkansas1980,17.0,29.0,32.0,33.0,18.0,R,26.0
Virginia1980,18.0,18.0,40.0,41.0,32.0,R,30.0
New Mexico1980,19.0,45.0,6.0,2.0,21.0,R,19.0
Oklahoma1980,20.0,4.0,8.0,5.0,9.0,R,9.0
Wyoming1980,21.0,43.0,19.0,16.0,24.0,R,25.0
Kentucky1980,22.0,5.0,35.0,27.0,28.0,R,23.0
Colorado1980,23.0,39.0,27.0,17.0,10.0,R,23.0
South Dakota1980,24.0,35.0,5.0,25.0,41.0,R,26.0
Montana1980,25.0,37.5,12.0,35.0,30.0,R,28.0
West Virginia1980,26.0,2.0,15.0,10.0,22.0,D,15.0
North Dakota1980,27.0,21.5,3.0,6.0,39.0,R,19.0
Delaware1980,28.0,24.0,33.0,8.0,43.0,R,27.0
Maryland1980,29.0,28.0,17.0,15.0,38.0,D,25.0
Missouri1980,30.0,12.0,23.0,13.0,26.0,R,21.0
Nebraska1980,31.0,33.0,38.0,32.0,25.0,R,32.0
New York1980,32.0,32.0,49.0,49.0,36.0,R,40.0
Kansas1980,33.0,25.0,14.0,4.0,20.0,R,19.0
Minnesota1980,34.0,40.5,10.0,11.0,34.0,D,26.0
New Hampshire1980,35.0,19.0,11.0,26.0,48.0,R,28.0
Indiana1980,36.0,30.5,18.0,9.0,31.0,R,25.0
Ohio1980,37.0,9.0,20.0,12.0,23.0,R,20.0
Alaska1980,38.0,8.0,37.0,28.0,42.0,R,31.0
Iowa1980,39.0,36.0,36.0,37.0,35.0,R,37.0
Wisconsin1980,40.0,3.0,30.0,38.0,37.0,R,30.0
Rhode Island1980,41.0,10.0,1.0,1.0,45.0,D,20.0
Vermont1980,42.0,21.5,2.0,7.0,49.0,R,24.0
New Jersey1980,43.0,15.5,43.0,36.0,44.0,R,36.0
Illinois1980,44.0,21.5,47.0,42.0,13.0,R,34.0
Utah1980,45.0,47.0,4.0,3.0,5.0,R,21.0
Connecticut1980,46.0,11.0,21.0,20.0,47.0,R,29.0
Pennsylvania1980,47.0,6.0,42.0,39.0,40.0,R,35.0
Massachusetts1980,48.0,14.0,22.0,23.0,46.0,R,31.0
Maine1980,49.0,26.0,7.0,29.0,50.0,R,32.0
Michigan1980,50.0,21.5,46.0,45.0,29.0,R,38.0
Hawaii1981,1.0,50.0,26.0,24.0,2.0,D,21.0
Florida1981,2.0,46.0,29.0,17.0,6.0,R,20.0
Arizona1981,3.0,1.0,28.0,35.0,3.0,R,14.0
Tennessee1981,4.0,13.0,49.0,48.0,8.0,R,24.0
South Carolina1981,5.0,15.5,41.0,42.0,25.0,R,26.0
Idaho1981,6.0,49.0,9.0,36.0,15.0,R,23.0
Washington1981,7.0,44.0,50.0,50.0,24.0,R,35.0
Mississippi1981,8.0,7.0,13.0,16.0,18.0,R,12.0
Oregon1981,9.0,40.5,25.0,47.0,26.0,R,30.0
Alabama1981,10.0,27.0,35.0,43.0,12.0,R,25.0
Texas1981,11.0,42.0,45.0,21.0,7.0,R,25.0
North Carolina1981,12.0,17.0,44.0,46.0,33.0,R,30.0
Georgia1981,13.0,30.5,33.0,32.0,9.0,D,24.0
Nevada1981,14.0,48.0,15.0,19.0,11.0,R,21.0
Virginia1981,15.0,18.0,40.0,40.0,31.0,R,29.0
Louisiana1981,16.0,37.5,39.0,22.0,4.0,R,24.0
California1981,17.0,34.0,24.0,29.0,1.0,R,21.0
Arkansas1981,18.0,29.0,34.0,34.0,19.0,R,27.0
New Mexico1981,19.0,45.0,6.0,3.0,14.0,R,17.0
Kentucky1981,20.0,5.0,36.0,26.0,21.0,R,22.0
Oklahoma1981,21.0,4.0,8.0,5.0,13.0,R,10.0
Wyoming1981,22.0,43.0,18.0,14.0,30.0,R,25.0
Colorado1981,23.0,39.0,27.0,18.0,17.0,R,25.0
Montana1981,24.0,37.5,12.0,38.0,23.0,R,27.0
South Dakota1981,25.0,35.0,5.0,25.0,41.0,R,26.0
Maryland1981,26.0,28.0,17.0,15.0,35.0,D,24.0
North Dakota1981,27.0,21.5,3.0,6.0,42.0,R,20.0
Delaware1981,28.0,24.0,30.0,7.0,43.0,R,26.0
West Virginia1981,29.0,2.0,16.0,10.0,20.0,D,15.0
Missouri1981,30.0,12.0,22.0,12.0,28.0,R,21.0
Nebraska1981,31.0,33.0,38.0,33.0,27.0,R,32.0
Kansas1981,32.0,25.0,14.0,4.0,16.0,R,18.0
Minnesota1981,33.0,40.5,10.0,11.0,34.0,D,26.0
New York1981,34.0,32.0,48.0,49.0,38.0,R,40.0
Rhode Island1981,35.0,10.0,1.0,1.0,44.0,D,18.0
New Hampshire1981,36.0,19.0,11.0,27.0,48.0,R,28.0
Indiana1981,37.0,30.5,19.0,9.0,32.0,R,26.0
Iowa1981,38.0,36.0,32.0,30.0,36.0,R,34.0
Wisconsin1981,39.0,3.0,31.0,39.0,37.0,R,30.0
Ohio1981,40.0,9.0,20.0,13.0,22.0,R,21.0
Maine1981,41.0,26.0,7.0,31.0,50.0,R,31.0
Vermont1981,42.0,21.5,2.0,8.0,49.0,R,24.0
Alaska1981,43.0,8.0,37.0,28.0,39.0,R,31.0
Utah1981,44.0,47.0,4.0,2.0,5.0,R,20.0
Massachusetts1981,45.0,14.0,23.0,23.0,46.0,R,30.0
Pennsylvania1981,46.0,6.0,42.0,41.0,40.0,R,35.0
Illinois1981,47.0,21.5,47.0,44.0,10.0,R,34.0
Connecticut1981,48.0,11.0,21.0,20.0,47.0,R,29.0
New Jersey1981,49.0,15.5,43.0,37.0,45.0,R,38.0
Michigan1981,50.0,21.5,46.0,45.0,29.0,R,38.0
Hawaii1982,1.0,50.0,21.0,23.0,2.0,D,19.0
Florida1982,2.0,46.0,27.0,19.0,5.0,R,20.0
South Carolina1982,3.0,15.5,41.0,43.0,22.0,R,25.0
Idaho1982,4.0,49.0,36.0,47.0,10.0,R,29.0
Arizona1982,5.0,1.0,26.0,35.0,4.0,R,14.0
Tennessee1982,6.0,13.0,49.0,49.0,8.0,R,25.0
Washington1982,7.0,44.0,50.0,50.0,24.0,R,35.0
Mississippi1982,8.0,7.0,12.0,14.0,15.0,R,11.0
Oregon1982,9.0,40.5,25.0,46.0,25.0,R,29.0
North Carolina1982,10.0,17.0,44.0,45.0,33.0,R,30.0
Alabama1982,11.0,27.0,34.0,42.0,13.0,R,25.0
Texas1982,12.0,42.0,45.0,24.0,6.0,R,26.0
Louisiana1982,13.0,37.5,38.0,22.0,3.0,R,23.0
Georgia1982,14.0,30.5,32.0,31.0,9.0,D,23.0
Virginia1982,15.0,18.0,40.0,40.0,29.0,R,28.0
Arkansas1982,16.0,29.0,33.0,34.0,16.0,R,26.0
California1982,17.0,34.0,23.0,32.0,1.0,R,21.0
Nevada1982,18.0,48.0,15.0,17.0,11.0,R,22.0
Kentucky1982,19.0,5.0,35.0,30.0,18.0,R,21.0
New Mexico1982,20.0,45.0,6.0,2.0,23.0,R,19.0
Oklahoma1982,21.0,4.0,10.0,5.0,14.0,R,11.0
West Virginia1982,22.0,2.0,14.0,10.0,17.0,D,13.0
Vermont1982,23.0,21.5,2.0,7.0,47.0,R,20.0
Maryland1982,24.0,28.0,16.0,15.0,34.0,D,23.0
Utah1982,25.0,47.0,4.0,3.0,7.0,R,17.0
Colorado1982,26.0,39.0,28.0,18.0,21.0,R,26.0
North Dakota1982,27.0,21.5,3.0,6.0,35.0,R,18.0
Delaware1982,28.0,24.0,29.0,9.0,41.0,R,26.0
South Dakota1982,29.0,35.0,5.0,25.0,43.0,R,27.0
Montana1982,30.0,37.5,8.0,37.0,30.0,R,28.0
Missouri1982,31.0,12.0,22.0,16.0,27.0,R,22.0
New Hampshire1982,32.0,19.0,9.0,27.0,49.0,R,27.0
New York1982,33.0,32.0,48.0,48.0,36.0,R,39.0
Wyoming1982,34.0,43.0,18.0,13.0,32.0,R,28.0
Rhode Island1982,35.0,10.0,1.0,1.0,45.0,D,18.0
Ohio1982,36.0,9.0,19.0,12.0,19.0,R,19.0
Nebraska1982,37.0,33.0,37.0,33.0,28.0,R,34.0
Maine1982,38.0,26.0,7.0,28.0,50.0,R,30.0
Kansas1982,39.0,25.0,13.0,4.0,20.0,R,20.0
Indiana1982,40.0,30.5,17.0,8.0,31.0,R,25.0
Pennsylvania1982,41.0,6.0,42.0,39.0,37.0,R,33.0
Wisconsin1982,42.0,3.0,30.0,38.0,39.0,R,30.0
New Jersey1982,43.0,15.5,43.0,36.0,44.0,R,36.0
Minnesota1982,44.0,40.5,11.0,11.0,40.0,D,29.0
Massachusetts1982,45.0,14.0,24.0,21.0,46.0,R,30.0
Iowa1982,46.0,36.0,31.0,29.0,38.0,R,36.0
Connecticut1982,47.0,11.0,20.0,20.0,48.0,R,29.0
Illinois1982,48.0,21.5,47.0,41.0,12.0,R,34.0
Michigan1982,49.0,21.5,46.0,44.0,26.0,R,37.0
Alaska1982,50.0,8.0,39.0,26.0,42.0,R,33.0
Hawaii1983,1.0,50.0,21.0,24.0,2.0,D,20.0
Florida1983,2.0,46.0,27.0,17.0,5.0,R,19.0
Arizona1983,3.0,1.0,26.0,41.0,4.0,R,15.0
South Carolina1983,4.0,15.5,42.0,43.0,19.0,R,25.0
Tennessee1983,5.0,13.0,49.0,49.0,8.0,R,25.0
Washington1983,6.0,44.0,50.0,50.0,16.0,R,33.0
Idaho1983,7.0,49.0,37.0,47.0,22.0,R,32.0
Oregon1983,8.0,40.5,24.0,46.0,20.0,R,28.0
Mississippi1983,9.0,7.0,13.0,13.0,18.0,R,12.0
Texas1983,10.0,42.0,45.0,21.0,6.0,R,25.0
North Carolina1983,11.0,17.0,46.0,45.0,31.0,R,30.0
Alabama1983,12.0,27.0,35.0,42.0,13.0,R,26.0
Louisiana1983,13.0,37.5,38.0,22.0,3.0,R,23.0
Nevada1983,14.0,48.0,15.0,31.0,14.0,R,24.0
Georgia1983,15.0,30.5,34.0,32.0,10.0,D,24.0
Virginia1983,16.0,18.0,41.0,40.0,30.0,R,29.0
California1983,17.0,34.0,22.0,34.0,1.0,R,22.0
Kentucky1983,18.0,5.0,36.0,28.0,21.0,R,22.0
Arkansas1983,19.0,29.0,33.0,35.0,27.0,R,29.0
New Mexico1983,20.0,45.0,6.0,2.0,25.0,R,20.0
West Virginia1983,21.0,2.0,14.0,9.0,9.0,D,11.0
Maine1983,22.0,26.0,7.0,29.0,48.0,R,26.0
Maryland1983,23.0,28.0,17.0,14.0,34.0,D,23.0
Oklahoma1983,24.0,4.0,9.0,6.0,15.0,R,12.0
South Dakota1983,25.0,35.0,5.0,25.0,42.0,R,26.0
Montana1983,26.0,37.5,8.0,36.0,33.0,R,28.0
North Dakota1983,27.0,21.5,3.0,5.0,39.0,R,19.0
Colorado1983,28.0,39.0,28.0,19.0,23.0,R,27.0
Missouri1983,29.0,12.0,23.0,16.0,28.0,R,22.0
New Hampshire1983,30.0,19.0,10.0,27.0,49.0,R,27.0
New York1983,31.0,32.0,48.0,48.0,36.0,R,39.0
Ohio1983,32.0,9.0,19.0,12.0,12.0,R,17.0
Minnesota1983,33.0,40.5,11.0,11.0,32.0,D,26.0
Indiana1983,34.0,30.5,18.0,10.0,26.0,R,24.0
Delaware1983,35.0,24.0,32.0,7.0,47.0,R,29.0
Connecticut1983,36.0,11.0,20.0,20.0,44.0,R,26.0
Nebraska1983,37.0,33.0,39.0,33.0,29.0,R,34.0
Wisconsin1983,38.0,3.0,30.0,38.0,35.0,R,29.0
Kansas1983,39.0,25.0,12.0,4.0,17.0,R,19.0
New Jersey1983,40.0,15.5,44.0,37.0,41.0,R,36.0
Iowa1983,41.0,36.0,31.0,30.0,38.0,R,35.0
Pennsylvania1983,42.0,6.0,43.0,39.0,37.0,R,33.0
Rhode Island1983,43.0,10.0,1.0,1.0,46.0,D,20.0
Vermont1983,44.0,21.5,2.0,8.0,50.0,R,25.0
Utah1983,45.0,47.0,4.0,3.0,7.0,R,21.0
Massachusetts1983,46.0,14.0,25.0,23.0,45.0,R,31.0
Wyoming1983,47.0,43.0,16.0,15.0,40.0,R,32.0
Illinois1983,48.0,21.5,29.0,18.0,11.0,R,26.0
Michigan1983,49.0,21.5,47.0,44.0,24.0,R,37.0
Alaska1983,50.0,8.0,40.0,26.0,43.0,R,33.0
Hawaii1984,1.0,50.0,21.0,22.0,1.0,R,19.0
Florida1984,2.0,46.0,26.0,18.0,6.0,R,20.0
Arizona1984,3.0,1.0,25.0,41.0,4.0,R,15.0
Tennessee1984,4.0,13.0,49.0,49.0,9.0,R,25.0
Idaho1984,5.0,49.0,36.0,47.0,18.0,R,31.0
Washington1984,6.0,44.0,50.0,50.0,25.0,R,35.0
Mississippi1984,7.0,7.0,12.0,12.0,15.0,R,11.0
South Carolina1984,8.0,15.5,42.0,43.0,29.0,R,28.0
Oregon1984,9.0,40.5,24.0,46.0,26.0,R,29.0
Alabama1984,10.0,27.0,34.0,42.0,10.0,R,25.0
Texas1984,11.0,42.0,46.0,25.0,5.0,R,26.0
Louisiana1984,12.0,37.5,39.0,23.0,3.0,R,23.0
Nevada1984,13.0,48.0,15.0,33.0,21.0,R,26.0
California1984,14.0,34.0,22.0,31.0,2.0,R,21.0
Georgia1984,15.0,30.5,33.0,32.0,17.0,R,26.0
North Carolina1984,16.0,17.0,47.0,45.0,39.0,R,33.0
New Mexico1984,17.0,45.0,6.0,2.0,8.0,R,16.0
Arkansas1984,18.0,29.0,31.0,36.0,23.0,R,27.0
Kentucky1984,19.0,5.0,37.0,30.0,22.0,R,23.0
Virginia1984,20.0,18.0,41.0,40.0,35.0,R,31.0
North Dakota1984,21.0,21.5,4.0,5.0,34.0,R,17.0
West Virginia1984,22.0,2.0,13.0,9.0,16.0,R,12.0
Oklahoma1984,23.0,4.0,8.0,6.0,14.0,R,11.0
Montana1984,24.0,37.5,9.0,37.0,27.0,R,27.0
South Dakota1984,25.0,35.0,5.0,24.0,36.0,R,25.0
Colorado1984,26.0,39.0,27.0,20.0,11.0,R,25.0
Missouri1984,27.0,12.0,20.0,14.0,24.0,R,19.0
Nebraska1984,28.0,33.0,38.0,34.0,20.0,R,31.0
Maryland1984,29.0,28.0,16.0,15.0,38.0,R,25.0
Maine1984,30.0,26.0,7.0,28.0,47.0,R,28.0
Kansas1984,31.0,25.0,14.0,4.0,12.0,R,17.0
Minnesota1984,32.0,40.5,10.0,10.0,32.0,D,25.0
Indiana1984,33.0,30.5,35.0,17.0,28.0,R,29.0
Wyoming1984,34.0,43.0,17.0,13.0,31.0,R,28.0
Ohio1984,35.0,9.0,18.0,11.0,19.0,R,18.0
Iowa1984,36.0,36.0,29.0,29.0,33.0,R,33.0
New York1984,37.0,32.0,45.0,48.0,40.0,R,40.0
Wisconsin1984,38.0,3.0,30.0,39.0,37.0,R,29.0
Utah1984,39.0,47.0,3.0,3.0,7.0,R,20.0
Connecticut1984,40.0,11.0,19.0,19.0,44.0,R,27.0
New Hampshire1984,41.0,19.0,11.0,26.0,49.0,R,29.0
New Jersey1984,42.0,15.5,44.0,35.0,42.0,R,36.0
Delaware1984,43.0,24.0,32.0,8.0,48.0,R,31.0
Pennsylvania1984,44.0,6.0,43.0,38.0,41.0,R,34.0
Illinois1984,45.0,21.5,28.0,16.0,13.0,R,25.0
Michigan1984,46.0,21.5,48.0,44.0,30.0,R,38.0
Massachusetts1984,47.0,14.0,23.0,21.0,45.0,R,30.0
Rhode Island1984,48.0,10.0,1.0,1.0,46.0,R,21.0
Vermont1984,49.0,21.5,2.0,7.0,50.0,R,26.0
Alaska1984,50.0,8.0,40.0,27.0,43.0,R,34.0
Hawaii1985,1.0,50.0,22.0,23.0,1.0,R,19.0
Florida1985,2.0,46.0,26.0,17.0,6.0,R,19.0
Arizona1985,3.0,1.0,24.0,40.0,4.0,R,14.0
Tennessee1985,4.0,13.0,49.0,49.0,8.0,R,25.0
Mississippi1985,5.0,7.0,13.0,14.0,14.0,R,11.0
South Carolina1985,6.0,15.5,42.0,43.0,29.0,R,27.0
Alabama1985,7.0,27.0,33.0,42.0,9.0,R,24.0
Washington1985,8.0,44.0,50.0,50.0,17.0,R,34.0
Idaho1985,9.0,49.0,36.0,47.0,20.0,R,32.0
Louisiana1985,10.0,37.5,38.0,24.0,3.0,R,22.0
Texas1985,11.0,42.0,46.0,26.0,7.0,R,26.0
Oregon1985,12.0,40.5,21.0,46.0,27.0,R,29.0
Georgia1985,13.0,30.5,32.0,33.0,16.0,R,25.0
North Carolina1985,14.0,17.0,47.0,45.0,36.0,R,32.0
Nevada1985,15.0,48.0,14.0,32.0,23.0,R,26.0
California1985,16.0,34.0,20.0,29.0,2.0,R,20.0
Arkansas1985,17.0,29.0,30.0,38.0,21.0,R,27.0
Kentucky1985,18.0,5.0,37.0,30.0,22.0,R,22.0
Virginia1985,19.0,18.0,41.0,41.0,35.0,R,31.0
New Mexico1985,20.0,45.0,6.0,3.0,31.0,R,21.0
West Virginia1985,21.0,2.0,12.0,8.0,12.0,R,11.0
Oklahoma1985,22.0,4.0,8.0,7.0,13.0,R,11.0
Maryland1985,23.0,28.0,15.0,13.0,34.0,R,23.0
Colorado1985,24.0,39.0,25.0,21.0,10.0,R,24.0
South Dakota1985,25.0,35.0,5.0,22.0,39.0,R,25.0
Montana1985,26.0,37.5,9.0,36.0,28.0,R,27.0
North Dakota1985,27.0,21.5,4.0,4.0,37.0,R,19.0
Missouri1985,28.0,12.0,19.0,16.0,19.0,R,19.0
Nebraska1985,29.0,33.0,39.0,34.0,25.0,R,32.0
Iowa1985,30.0,36.0,28.0,31.0,33.0,R,32.0
Indiana1985,31.0,30.5,34.0,19.0,26.0,R,28.0
Kansas1985,32.0,25.0,35.0,9.0,15.0,R,23.0
New York1985,33.0,32.0,45.0,48.0,40.0,R,40.0
Minnesota1985,34.0,40.5,10.0,10.0,32.0,D,25.0
Ohio1985,35.0,9.0,17.0,11.0,18.0,R,18.0
Wyoming1985,36.0,43.0,16.0,12.0,24.0,R,26.0
Wisconsin1985,37.0,3.0,29.0,39.0,38.0,R,29.0
Connecticut1985,38.0,11.0,18.0,18.0,45.0,R,26.0
Utah1985,39.0,47.0,3.0,2.0,5.0,R,19.0
Pennsylvania1985,40.0,6.0,43.0,37.0,41.0,R,33.0
New Jersey1985,41.0,15.5,44.0,35.0,43.0,R,36.0
Delaware1985,42.0,24.0,31.0,6.0,46.0,R,30.0
Illinois1985,43.0,21.5,27.0,15.0,11.0,R,24.0
New Hampshire1985,44.0,19.0,11.0,25.0,48.0,R,29.0
Maine1985,45.0,26.0,7.0,28.0,49.0,R,31.0
Massachusetts1985,46.0,14.0,23.0,20.0,44.0,R,29.0
Michigan1985,47.0,21.5,48.0,44.0,30.0,R,38.0
Alaska1985,48.0,8.0,40.0,27.0,42.0,R,33.0
Rhode Island1985,49.0,10.0,1.0,1.0,47.0,R,22.0
Vermont1985,50.0,21.5,2.0,5.0,50.0,R,26.0
Hawaii1986,1.0,48.0,22.0,23.0,1.0,R,19.0
Florida1986,2.0,46.0,27.0,18.0,7.0,R,20.0
Arizona1986,3.0,1.0,23.0,42.0,4.0,R,15.0
Tennessee1986,4.0,17.5,49.0,49.0,8.0,R,26.0
Mississippi1986,5.0,27.0,12.0,12.0,14.0,R,14.0
Washington1986,6.0,45.0,50.0,50.0,19.0,R,34.0
Idaho1986,7.0,50.0,35.0,47.0,22.0,R,32.0
South Carolina1986,8.0,20.0,43.0,44.0,27.0,R,28.0
Texas1986,9.0,43.0,46.0,28.0,6.0,R,26.0
Oregon1986,10.0,38.0,21.0,46.0,24.0,R,28.0
Alabama1986,11.0,29.0,33.0,41.0,12.0,R,25.0
Louisiana1986,12.0,35.5,39.0,29.0,3.0,R,24.0
Nevada1986,13.0,49.0,14.0,32.0,18.0,R,25.0
Georgia1986,14.0,33.0,32.0,31.0,15.0,R,25.0
North Carolina1986,15.0,6.0,47.0,45.0,35.0,R,30.0
California1986,16.0,39.5,19.0,30.0,2.0,R,21.0
New Mexico1986,17.0,37.0,5.0,2.0,16.0,R,15.0
Arkansas1986,18.0,34.0,30.0,37.0,26.0,R,29.0
Kentucky1986,19.0,5.0,34.0,26.0,21.0,R,21.0
Oklahoma1986,20.0,26.0,8.0,6.0,10.0,R,14.0
Virginia1986,21.0,17.5,41.0,40.0,36.0,R,31.0
West Virginia1986,22.0,23.0,11.0,9.0,17.0,R,16.0
Colorado1986,23.0,39.5,24.0,20.0,9.0,R,23.0
Montana1986,24.0,35.5,9.0,39.0,29.0,R,27.0
Maryland1986,25.0,32.0,16.0,11.0,32.0,R,23.0
Missouri1986,26.0,13.5,20.0,14.0,25.0,R,20.0
North Dakota1986,27.0,25.0,4.0,4.0,41.0,R,20.0
Kansas1986,28.0,31.0,37.0,15.0,13.0,R,25.0
Nebraska1986,29.0,42.0,38.0,38.0,20.0,R,33.0
Iowa1986,30.0,8.0,28.0,34.0,34.0,R,27.0
South Dakota1986,31.0,12.0,6.0,22.0,43.0,R,23.0
Delaware1986,32.0,24.0,31.0,7.0,44.0,R,28.0
Indiana1986,33.0,21.5,36.0,19.0,28.0,R,28.0
Wyoming1986,34.0,41.0,15.0,13.0,31.0,R,27.0
Utah1986,35.0,47.0,3.0,3.0,5.0,R,19.0
Minnesota1986,36.0,44.0,10.0,10.0,33.0,D,27.0
Wisconsin1986,37.0,2.0,29.0,36.0,37.0,R,28.0
Ohio1986,38.0,7.0,17.0,8.0,23.0,R,19.0
New York1986,39.0,30.0,45.0,48.0,40.0,R,40.0
New Hampshire1986,40.0,9.0,13.0,27.0,48.0,R,27.0
Pennsylvania1986,41.0,3.0,42.0,35.0,39.0,R,32.0
Illinois1986,42.0,28.0,26.0,17.0,11.0,R,25.0
New Jersey1986,43.0,17.5,44.0,33.0,42.0,R,36.0
Vermont1986,44.0,21.5,2.0,5.0,49.0,R,24.0
Alaska1986,45.0,4.0,40.0,24.0,38.0,R,30.0
Connecticut1986,46.0,13.5,18.0,16.0,47.0,R,28.0
Michigan1986,47.0,17.5,48.0,43.0,30.0,R,37.0
Rhode Island1986,48.0,10.0,1.0,1.0,46.0,R,21.0
Massachusetts1986,49.0,11.0,25.0,21.0,45.0,R,30.0
Maine1986,50.0,15.0,7.0,25.0,50.0,R,29.0
Hawaii1987,1.0,48.0,20.0,27.0,1.0,R,19.0
Florida1987,2.0,46.0,26.0,18.0,6.0,R,20.0
Arizona1987,3.0,1.0,23.0,40.0,4.0,R,14.0
Tennessee1987,4.0,17.5,49.0,49.0,8.0,R,26.0
Oregon1987,5.0,38.0,22.0,47.0,15.0,R,25.0
Washington1987,6.0,45.0,50.0,50.0,19.0,R,34.0
Idaho1987,7.0,50.0,35.0,45.0,21.0,R,32.0
Mississippi1987,8.0,27.0,12.0,13.0,18.0,R,16.0
Texas1987,9.0,43.0,46.0,30.0,7.0,R,27.0
South Carolina1987,10.0,20.0,43.0,44.0,29.0,R,29.0
Louisiana1987,11.0,35.5,40.0,32.0,3.0,R,24.0
Alabama1987,12.0,29.0,33.0,42.0,14.0,R,26.0
Nevada1987,13.0,49.0,14.0,22.0,17.0,R,23.0
California1987,14.0,39.5,21.0,28.0,2.0,R,21.0
Georgia1987,15.0,33.0,32.0,31.0,13.0,R,25.0
North Carolina1987,16.0,6.0,48.0,46.0,35.0,R,30.0
Arkansas1987,17.0,34.0,30.0,37.0,22.0,R,28.0
Oklahoma1987,18.0,26.0,8.0,7.0,9.0,R,14.0
New Mexico1987,19.0,37.0,6.0,3.0,16.0,R,16.0
Kentucky1987,20.0,5.0,34.0,26.0,25.0,R,22.0
Virginia1987,21.0,17.5,41.0,41.0,34.0,R,31.0
North Dakota1987,22.0,25.0,4.0,4.0,39.0,R,19.0
Montana1987,23.0,35.5,9.0,38.0,27.0,R,26.0
West Virginia1987,24.0,23.0,11.0,9.0,20.0,R,17.0
Iowa1987,25.0,8.0,29.0,36.0,31.0,R,26.0
Colorado1987,26.0,39.5,24.0,17.0,10.0,R,23.0
Missouri1987,27.0,13.5,19.0,14.0,24.0,R,20.0
Nebraska1987,28.0,42.0,38.0,39.0,26.0,R,35.0
Utah1987,29.0,47.0,3.0,2.0,5.0,R,17.0
Maryland1987,30.0,32.0,15.0,12.0,33.0,R,24.0
Kansas1987,31.0,31.0,37.0,15.0,12.0,R,25.0
South Dakota1987,32.0,12.0,5.0,23.0,43.0,R,23.0
Minnesota1987,33.0,44.0,10.0,10.0,32.0,D,26.0
Indiana1987,34.0,21.5,36.0,21.0,28.0,R,28.0
Wyoming1987,35.0,41.0,16.0,8.0,38.0,R,28.0
Wisconsin1987,36.0,2.0,28.0,35.0,36.0,R,27.0
Ohio1987,37.0,7.0,17.0,11.0,23.0,R,19.0
Delaware1987,38.0,24.0,31.0,5.0,44.0,R,28.0
Illinois1987,39.0,28.0,27.0,20.0,11.0,R,25.0
Pennsylvania1987,40.0,3.0,42.0,34.0,37.0,R,31.0
New York1987,41.0,30.0,44.0,48.0,40.0,R,41.0
New Jersey1987,42.0,17.5,45.0,33.0,42.0,R,36.0
Michigan1987,43.0,17.5,47.0,43.0,30.0,R,36.0
Vermont1987,44.0,21.5,2.0,6.0,48.0,R,24.0
Alaska1987,45.0,4.0,39.0,29.0,41.0,R,32.0
Connecticut1987,46.0,13.5,18.0,16.0,47.0,R,28.0
New Hampshire1987,47.0,9.0,13.0,25.0,49.0,R,29.0
Massachusetts1987,48.0,11.0,25.0,19.0,45.0,R,30.0
Maine1987,49.0,15.0,7.0,24.0,50.0,R,29.0
Rhode Island1987,50.0,10.0,1.0,1.0,46.0,R,22.0
Hawaii1988,1.0,48.0,25.0,29.0,1.0,D,21.0
Florida1988,2.0,46.0,26.0,19.0,5.0,R,20.0
Arizona1988,3.0,1.0,22.0,33.0,4.0,R,13.0
Oregon1988,4.0,38.0,24.0,47.0,16.0,D,26.0
Washington1988,5.0,45.0,50.0,50.0,17.0,D,33.0
Tennessee1988,6.0,17.5,49.0,49.0,11.0,R,26.0
Mississippi1988,7.0,27.0,12.0,13.0,18.0,R,15.0
South Carolina1988,8.0,20.0,43.0,43.0,28.0,R,28.0
Texas1988,9.0,43.0,46.0,28.0,7.0,R,27.0
Idaho1988,10.0,50.0,35.0,45.0,23.0,R,33.0
Louisiana1988,11.0,35.5,40.0,32.0,3.0,R,24.0
Alabama1988,12.0,29.0,33.0,42.0,14.0,R,26.0
California1988,13.0,39.5,20.0,26.0,2.0,R,20.0
Nevada1988,14.0,49.0,14.0,20.0,19.0,R,23.0
Georgia1988,15.0,33.0,32.0,31.0,13.0,R,25.0
North Carolina1988,16.0,6.0,47.0,46.0,36.0,R,30.0
Arkansas1988,17.0,34.0,30.0,40.0,21.0,R,28.0
New Mexico1988,18.0,37.0,6.0,3.0,12.0,R,15.0
Kentucky1988,19.0,5.0,34.0,24.0,26.0,R,22.0
Oklahoma1988,20.0,26.0,8.0,5.0,8.0,R,13.0
Virginia1988,21.0,17.5,41.0,41.0,35.0,R,31.0
West Virginia1988,22.0,23.0,11.0,9.0,20.0,D,17.0
Montana1988,23.0,35.5,9.0,37.0,27.0,R,26.0
Colorado1988,24.0,39.5,23.0,16.0,9.0,R,22.0
Missouri1988,25.0,13.5,21.0,14.0,22.0,R,19.0
Utah1988,26.0,47.0,3.0,2.0,6.0,R,17.0
Maryland1988,27.0,32.0,15.0,11.0,34.0,R,24.0
North Dakota1988,28.0,25.0,4.0,4.0,40.0,R,20.0
Nebraska1988,29.0,42.0,38.0,38.0,25.0,R,34.0
South Dakota1988,30.0,12.0,5.0,23.0,41.0,R,22.0
Iowa1988,31.0,8.0,29.0,39.0,32.0,D,28.0
Kansas1988,32.0,31.0,37.0,15.0,15.0,R,26.0
Wyoming1988,33.0,41.0,16.0,8.0,31.0,R,26.0
Indiana1988,34.0,21.5,36.0,22.0,29.0,R,28.0
Delaware1988,35.0,24.0,31.0,7.0,44.0,R,28.0
Minnesota1988,36.0,44.0,10.0,10.0,33.0,D,27.0
Wisconsin1988,37.0,2.0,27.0,36.0,37.0,D,28.0
Ohio1988,38.0,7.0,17.0,12.0,24.0,R,20.0
Alaska1988,39.0,4.0,39.0,30.0,39.0,R,30.0
New York1988,40.0,30.0,44.0,48.0,42.0,D,41.0
Pennsylvania1988,41.0,3.0,42.0,35.0,38.0,R,32.0
Illinois1988,42.0,28.0,28.0,21.0,10.0,R,26.0
New Jersey1988,43.0,17.5,45.0,34.0,43.0,R,36.0
New Hampshire1988,44.0,9.0,13.0,27.0,48.0,R,28.0
Vermont1988,45.0,21.5,2.0,6.0,49.0,R,25.0
Michigan1988,46.0,17.5,48.0,44.0,30.0,R,37.0
Massachusetts1988,47.0,11.0,18.0,17.0,45.0,D,28.0
Connecticut1988,48.0,13.5,19.0,18.0,47.0,R,29.0
Rhode Island1988,49.0,10.0,1.0,1.0,46.0,D,21.0
Maine1988,50.0,15.0,7.0,25.0,50.0,R,29.0
Hawaii1989,1.0,48.0,28.0,33.0,1.0,D,22.0
Florida1989,2.0,46.0,25.0,25.0,5.0,R,21.0
Arizona1989,3.0,1.0,21.0,34.0,4.0,R,13.0
Washington1989,4.0,45.0,50.0,50.0,15.0,D,33.0
Mississippi1989,5.0,27.0,13.0,18.0,18.0,R,16.0
Tennessee1989,6.0,17.5,49.0,49.0,11.0,R,26.0
South Carolina1989,7.0,20.0,43.0,44.0,28.0,R,28.0
Oregon1989,8.0,38.0,23.0,45.0,19.0,D,27.0
Louisiana1989,9.0,35.5,39.0,37.0,2.0,R,24.0
Idaho1989,10.0,50.0,35.0,46.0,22.0,R,33.0
Alabama1989,11.0,29.0,33.0,42.0,14.0,R,26.0
Texas1989,12.0,43.0,46.0,26.0,7.0,R,27.0
North Carolina1989,13.0,6.0,47.0,48.0,35.0,R,30.0
California1989,14.0,39.5,20.0,31.0,3.0,R,22.0
Georgia1989,15.0,33.0,32.0,39.0,13.0,R,26.0
Nevada1989,16.0,49.0,14.0,22.0,21.0,R,24.0
Arkansas1989,17.0,34.0,30.0,40.0,20.0,R,28.0
New Mexico1989,18.0,37.0,6.0,3.0,16.0,R,16.0
Virginia1989,19.0,17.5,41.0,41.0,34.0,R,30.0
Kentucky1989,20.0,5.0,34.0,24.0,24.0,R,21.0
Oklahoma1989,21.0,26.0,8.0,7.0,8.0,R,14.0
West Virginia1989,22.0,23.0,12.0,8.0,17.0,D,16.0
Maryland1989,23.0,32.0,29.0,21.0,32.0,R,27.0
Colorado1989,24.0,39.5,22.0,14.0,10.0,R,22.0
Montana1989,25.0,35.5,9.0,38.0,30.0,R,28.0
Missouri1989,26.0,13.5,19.0,12.0,26.0,R,19.0
Iowa1989,27.0,8.0,27.0,29.0,33.0,D,25.0
Utah1989,28.0,47.0,3.0,2.0,6.0,R,17.0
North Dakota1989,29.0,25.0,4.0,4.0,41.0,R,21.0
Wyoming1989,30.0,41.0,15.0,9.0,27.0,R,24.0
Nebraska1989,31.0,42.0,38.0,36.0,25.0,R,34.0
Kansas1989,32.0,31.0,36.0,13.0,12.0,R,25.0
Indiana1989,33.0,21.5,37.0,19.0,29.0,R,28.0
Delaware1989,34.0,24.0,31.0,6.0,43.0,R,28.0
South Dakota1989,35.0,12.0,5.0,20.0,44.0,R,23.0
New York1989,36.0,30.0,44.0,47.0,39.0,D,39.0
Minnesota1989,37.0,44.0,10.0,11.0,36.0,D,28.0
Wisconsin1989,38.0,2.0,26.0,28.0,37.0,D,26.0
Ohio1989,39.0,7.0,16.0,10.0,23.0,R,19.0
Pennsylvania1989,40.0,3.0,42.0,32.0,38.0,R,31.0
New Jersey1989,41.0,17.5,45.0,30.0,40.0,R,35.0
Illinois1989,42.0,28.0,24.0,16.0,9.0,R,24.0
Alaska1989,43.0,4.0,40.0,35.0,42.0,R,33.0
Rhode Island1989,44.0,10.0,1.0,1.0,45.0,D,20.0
Maine1989,45.0,15.0,7.0,27.0,49.0,R,29.0
New Hampshire1989,46.0,9.0,11.0,23.0,48.0,R,27.0
Michigan1989,47.0,17.5,48.0,43.0,31.0,R,37.0
Vermont1989,48.0,21.5,2.0,5.0,50.0,R,25.0
Massachusetts1989,49.0,11.0,17.0,17.0,46.0,D,28.0
Connecticut1989,50.0,13.5,18.0,15.0,47.0,R,29.0
Hawaii1990,1.0,48.0,28.0,33.0,1.0,D,22.0
Florida1990,2.0,46.0,24.0,24.0,5.0,R,20.0
Arizona1990,3.0,1.0,19.0,32.0,4.0,R,12.0
South Carolina1990,4.0,20.0,43.0,43.0,26.0,R,27.0
Tennessee1990,5.0,17.5,49.0,49.0,10.0,R,26.0
Mississippi1990,6.0,27.0,12.0,21.0,19.0,R,17.0
Oregon1990,7.0,38.0,21.0,45.0,15.0,D,25.0
Washington1990,8.0,45.0,50.0,50.0,16.0,D,34.0
Louisiana1990,9.0,35.5,39.0,35.0,2.0,R,24.0
Texas1990,10.0,43.0,46.0,27.0,7.0,R,27.0
Alabama1990,11.0,29.0,31.0,41.0,14.0,R,25.0
North Carolina1990,12.0,6.0,47.0,48.0,34.0,R,29.0
Idaho1990,13.0,50.0,34.0,44.0,23.0,R,33.0
Georgia1990,14.0,33.0,30.0,38.0,13.0,R,26.0
Nevada1990,15.0,49.0,14.0,22.0,18.0,R,24.0
California1990,16.0,39.5,20.0,28.0,3.0,R,21.0
Virginia1990,17.0,17.5,40.0,40.0,35.0,R,30.0
Arkansas1990,18.0,34.0,29.0,39.0,20.0,R,28.0
Kentucky1990,19.0,5.0,33.0,23.0,21.0,R,20.0
Oklahoma1990,20.0,26.0,8.0,9.0,8.0,R,14.0
Maryland1990,21.0,32.0,26.0,20.0,31.0,R,26.0
New Mexico1990,22.0,37.0,6.0,3.0,29.0,R,19.0
West Virginia1990,23.0,23.0,10.0,7.0,17.0,D,16.0
Missouri1990,24.0,13.5,18.0,13.0,24.0,R,18.0
Delaware1990,25.0,24.0,32.0,5.0,42.0,R,26.0
Iowa1990,26.0,8.0,27.0,29.0,33.0,D,25.0
Colorado1990,27.0,39.5,22.0,14.0,12.0,R,23.0
North Dakota1990,28.0,25.0,4.0,4.0,41.0,R,20.0
Nebraska1990,29.0,42.0,38.0,34.0,22.0,R,33.0
Utah1990,30.0,47.0,3.0,2.0,6.0,R,18.0
Montana1990,31.0,35.5,7.0,37.0,32.0,R,28.0
Kansas1990,32.0,31.0,37.0,11.0,11.0,R,24.0
Indiana1990,33.0,21.5,36.0,17.0,28.0,R,27.0
Wyoming1990,34.0,41.0,15.0,10.0,27.0,R,25.0
Minnesota1990,35.0,44.0,9.0,12.0,36.0,D,27.0
New York1990,36.0,30.0,44.0,47.0,40.0,D,39.0
Ohio1990,37.0,7.0,13.0,8.0,25.0,R,18.0
Wisconsin1990,38.0,2.0,23.0,26.0,39.0,D,26.0
New Jersey1990,39.0,17.5,45.0,25.0,37.0,R,33.0
Pennsylvania1990,40.0,3.0,42.0,31.0,38.0,R,31.0
South Dakota1990,41.0,12.0,5.0,19.0,46.0,R,25.0
New Hampshire1990,42.0,9.0,11.0,30.0,48.0,R,28.0
Illinois1990,43.0,28.0,25.0,15.0,9.0,R,24.0
Rhode Island1990,44.0,10.0,1.0,1.0,44.0,D,20.0
Michigan1990,45.0,17.5,48.0,42.0,30.0,R,36.0
Maine1990,46.0,15.0,35.0,46.0,49.0,R,38.0
Connecticut1990,47.0,13.5,16.0,16.0,47.0,R,28.0
Vermont1990,48.0,21.5,2.0,6.0,50.0,R,26.0
Massachusetts1990,49.0,11.0,17.0,18.0,45.0,D,28.0
Alaska1990,50.0,4.0,41.0,36.0,43.0,R,35.0
Hawaii1991,1.0,27.0,22.0,34.0,1.0,D,17.0
Florida1991,2.0,46.0,23.0,24.0,6.0,R,20.0
Arizona1991,3.0,47.0,19.0,30.0,3.0,R,20.0
South Carolina1991,4.0,39.0,44.0,43.0,25.0,R,31.0
Tennessee1991,5.0,12.5,49.0,49.0,10.0,R,25.0
Mississippi1991,6.0,31.0,12.0,22.0,17.0,R,18.0
Alabama1991,7.0,33.0,33.0,42.0,11.0,R,25.0
Oregon1991,8.0,38.0,21.0,46.0,16.0,D,26.0
Louisiana1991,9.0,37.0,41.0,37.0,2.0,R,25.0
Texas1991,10.0,44.0,47.0,28.0,5.0,R,27.0
Washington1991,11.0,45.0,50.0,50.0,19.0,D,35.0
North Carolina1991,12.0,10.5,48.0,45.0,34.0,R,30.0
Idaho1991,13.0,50.0,35.0,44.0,23.0,R,33.0
Georgia1991,14.0,30.0,31.0,38.0,12.0,R,25.0
California1991,15.0,35.5,18.0,29.0,4.0,R,20.0
Virginia1991,16.0,22.5,40.0,41.0,33.0,R,30.0
Nevada1991,17.0,49.0,14.0,25.0,15.0,R,24.0
Arkansas1991,18.0,20.0,30.0,39.0,20.0,R,25.0
Kentucky1991,19.0,2.0,34.0,23.0,24.0,R,20.0
Oklahoma1991,20.0,26.0,7.0,8.0,8.0,R,14.0
Maryland1991,21.0,33.0,26.0,16.0,31.0,R,25.0
West Virginia1991,22.0,16.5,9.0,7.0,18.0,D,14.0
New Mexico1991,23.0,41.0,6.0,3.0,21.0,R,19.0
Missouri1991,24.0,12.5,20.0,10.0,28.0,R,19.0
Montana1991,25.0,35.5,8.0,40.0,29.0,R,28.0
Delaware1991,26.0,19.0,32.0,6.0,42.0,R,25.0
Iowa1991,27.0,6.0,29.0,32.0,35.0,D,26.0
Colorado1991,28.0,40.0,25.0,15.0,14.0,R,24.0
Nebraska1991,29.0,43.0,39.0,35.0,26.0,R,34.0
South Dakota1991,30.0,21.0,5.0,18.0,41.0,R,23.0
North Dakota1991,31.0,22.5,4.0,4.0,43.0,R,21.0
Utah1991,32.0,48.0,3.0,2.0,7.0,R,18.0
Indiana1991,33.0,16.5,37.0,19.0,27.0,R,26.0
Kansas1991,34.0,29.0,38.0,12.0,13.0,R,25.0
New York1991,35.0,33.0,45.0,48.0,38.0,D,40.0
Ohio1991,36.0,4.0,13.0,9.0,22.0,R,17.0
New Jersey1991,37.0,24.5,46.0,33.0,37.0,R,36.0
Wyoming1991,38.0,42.0,15.0,11.0,30.0,R,27.0
Pennsylvania1991,39.0,3.0,42.0,31.0,39.0,R,31.0
Minnesota1991,40.0,10.5,11.0,13.0,36.0,D,22.0
Wisconsin1991,41.0,1.0,24.0,26.0,40.0,D,26.0
New Hampshire1991,42.0,16.5,10.0,27.0,48.0,R,29.0
Rhode Island1991,43.0,6.0,1.0,1.0,45.0,D,19.0
Illinois1991,44.0,28.0,28.0,14.0,9.0,R,25.0
Massachusetts1991,45.0,8.0,16.0,20.0,46.0,D,27.0
Connecticut1991,46.0,14.0,17.0,17.0,47.0,R,28.0
Michigan1991,47.0,24.5,27.0,21.0,32.0,R,30.0
Maine1991,48.0,6.0,36.0,47.0,49.0,R,37.0
Vermont1991,49.0,16.5,2.0,5.0,50.0,R,24.0
Alaska1991,50.0,9.0,43.0,36.0,44.0,R,36.0
Hawaii1992,1.0,27.0,25.0,31.0,2.0,D,17.0
Florida1992,2.0,46.0,22.0,25.0,7.0,R,20.0
Arizona1992,3.0,47.0,18.0,29.0,6.0,R,21.0
South Carolina1992,4.0,39.0,44.0,44.0,23.0,R,31.0
Oregon1992,5.0,38.0,20.0,45.0,14.0,D,24.0
Washington1992,6.0,45.0,50.0,50.0,15.0,D,33.0
Texas1992,7.0,44.0,47.0,30.0,3.0,R,26.0
Mississippi1992,8.0,31.0,11.0,21.0,18.0,R,18.0
Tennessee1992,9.0,12.5,49.0,49.0,13.0,D,26.0
Idaho1992,10.0,50.0,35.0,43.0,22.0,R,32.0
Louisiana1992,11.0,37.0,41.0,38.0,5.0,D,26.0
Alabama1992,12.0,33.0,33.0,42.0,11.0,R,26.0
North Carolina1992,13.0,10.5,48.0,48.0,34.0,R,31.0
California1992,14.0,35.5,17.0,27.0,1.0,D,19.0
Nevada1992,15.0,49.0,13.0,23.0,17.0,D,23.0
Georgia1992,16.0,30.0,31.0,39.0,16.0,D,26.0
Arkansas1992,17.0,20.0,29.0,40.0,19.0,D,25.0
Virginia1992,18.0,22.5,40.0,41.0,33.0,R,31.0
Oklahoma1992,19.0,26.0,8.0,9.0,8.0,R,14.0
Kentucky1992,20.0,2.0,34.0,22.0,25.0,D,21.0
New Mexico1992,21.0,41.0,6.0,3.0,20.0,D,18.0
Montana1992,22.0,35.5,7.0,37.0,26.0,D,26.0
Maryland1992,23.0,33.0,24.0,16.0,32.0,D,26.0
West Virginia1992,24.0,16.5,9.0,7.0,21.0,D,16.0
South Dakota1992,25.0,21.0,5.0,15.0,40.0,R,21.0
Utah1992,26.0,48.0,3.0,2.0,4.0,R,17.0
Missouri1992,27.0,12.5,19.0,12.0,30.0,D,20.0
Iowa1992,28.0,6.0,28.0,32.0,35.0,D,26.0
Colorado1992,29.0,40.0,23.0,13.0,12.0,D,23.0
Nebraska1992,30.0,43.0,39.0,35.0,27.0,R,35.0
North Dakota1992,31.0,22.5,4.0,4.0,42.0,R,21.0
Kansas1992,32.0,29.0,37.0,11.0,10.0,R,24.0
Delaware1992,33.0,19.0,32.0,6.0,43.0,D,27.0
Wyoming1992,34.0,42.0,14.0,10.0,29.0,R,26.0
Indiana1992,35.0,16.5,36.0,17.0,28.0,R,26.0
Minnesota1992,36.0,10.5,30.0,24.0,36.0,D,27.0
Wisconsin1992,37.0,1.0,21.0,26.0,38.0,D,25.0
New York1992,38.0,33.0,45.0,47.0,41.0,D,41.0
Ohio1992,39.0,4.0,12.0,8.0,24.0,D,17.0
New Jersey1992,40.0,24.5,46.0,33.0,37.0,D,36.0
Pennsylvania1992,41.0,3.0,42.0,34.0,39.0,D,32.0
New Hampshire1992,42.0,16.5,10.0,28.0,47.0,D,29.0
Illinois1992,43.0,28.0,26.0,14.0,9.0,D,24.0
Maine1992,44.0,6.0,38.0,46.0,49.0,D,37.0
Michigan1992,45.0,24.5,27.0,20.0,31.0,D,30.0
Massachusetts1992,46.0,8.0,15.0,18.0,45.0,D,26.0
Rhode Island1992,47.0,6.0,1.0,1.0,46.0,D,20.0
Vermont1992,48.0,16.5,2.0,5.0,50.0,D,24.0
Connecticut1992,49.0,14.0,16.0,19.0,48.0,D,29.0
Alaska1992,50.0,9.0,43.0,36.0,44.0,R,36.0
Hawaii1993,1.0,27.0,19.0,30.0,1.0,D,16.0
Florida1993,2.0,46.0,21.0,23.0,7.0,R,20.0
Arizona1993,3.0,47.0,18.0,29.0,5.0,R,20.0
South Carolina1993,4.0,39.0,44.0,43.0,23.0,R,31.0
Texas1993,5.0,44.0,47.0,27.0,6.0,R,26.0
Mississippi1993,6.0,31.0,11.0,22.0,21.0,R,18.0
Louisiana1993,7.0,37.0,41.0,37.0,2.0,D,25.0
Tennessee1993,8.0,12.5,49.0,49.0,12.0,D,26.0
Oregon1993,9.0,38.0,20.0,44.0,18.0,D,26.0
Washington1993,10.0,45.0,50.0,50.0,17.0,D,34.0
Alabama1993,11.0,33.0,33.0,42.0,15.0,R,27.0
North Carolina1993,12.0,10.5,48.0,47.0,34.0,R,30.0
Idaho1993,13.0,50.0,35.0,45.0,20.0,R,33.0
California1993,14.0,35.5,16.0,32.0,4.0,D,20.0
Nevada1993,15.0,49.0,13.0,26.0,14.0,D,23.0
Georgia1993,16.0,30.0,31.0,39.0,16.0,D,26.0
Virginia1993,17.0,22.5,40.0,41.0,31.0,R,30.0
Arkansas1993,18.0,20.0,30.0,40.0,19.0,D,25.0
New Mexico1993,19.0,41.0,6.0,3.0,11.0,D,16.0
Kentucky1993,20.0,2.0,34.0,21.0,28.0,D,21.0
West Virginia1993,21.0,16.5,9.0,7.0,22.0,D,15.0
Maryland1993,22.0,33.0,23.0,18.0,33.0,D,26.0
Oklahoma1993,23.0,26.0,7.0,10.0,8.0,R,15.0
Montana1993,24.0,35.5,8.0,38.0,27.0,D,26.0
Delaware1993,25.0,19.0,32.0,8.0,42.0,D,25.0
North Dakota1993,26.0,22.5,4.0,4.0,41.0,R,20.0
Utah1993,27.0,48.0,3.0,2.0,3.0,R,17.0
Colorado1993,28.0,40.0,25.0,15.0,13.0,D,24.0
South Dakota1993,29.0,21.0,5.0,12.0,43.0,R,22.0
Missouri1993,30.0,12.5,27.0,16.0,30.0,D,23.0
Iowa1993,31.0,6.0,28.0,31.0,37.0,D,27.0
Nebraska1993,32.0,43.0,39.0,34.0,25.0,R,35.0
Kansas1993,33.0,29.0,36.0,9.0,10.0,R,23.0
Indiana1993,34.0,16.5,38.0,14.0,29.0,R,26.0
Wyoming1993,35.0,42.0,14.0,11.0,24.0,R,25.0
New York1993,36.0,33.0,45.0,48.0,38.0,D,40.0
Minnesota1993,37.0,10.5,29.0,25.0,35.0,D,27.0
New Jersey1993,38.0,24.5,46.0,33.0,36.0,D,36.0
Ohio1993,39.0,4.0,12.0,6.0,26.0,D,17.0
Wisconsin1993,40.0,1.0,22.0,24.0,39.0,D,25.0
Pennsylvania1993,41.0,3.0,43.0,35.0,40.0,D,32.0
New Hampshire1993,42.0,16.5,10.0,28.0,48.0,D,29.0
Illinois1993,43.0,28.0,26.0,13.0,9.0,D,24.0
Maine1993,44.0,6.0,37.0,46.0,49.0,D,36.0
Michigan1993,45.0,24.5,24.0,17.0,32.0,D,28.0
Rhode Island1993,46.0,6.0,1.0,1.0,45.0,D,20.0
Vermont1993,47.0,16.5,2.0,5.0,50.0,D,24.0
Connecticut1993,48.0,14.0,15.0,20.0,47.0,D,29.0
Massachusetts1993,49.0,8.0,17.0,19.0,46.0,D,28.0
Alaska1993,50.0,9.0,42.0,36.0,44.0,R,36.0
Hawaii1994,1.0,27.0,18.0,29.0,1.0,D,15.0
Florida1994,2.0,46.0,20.0,22.0,7.0,R,19.0
Arizona1994,3.0,47.0,17.0,30.0,6.0,R,21.0
South Carolina1994,4.0,39.0,44.0,44.0,22.0,R,31.0
Texas1994,5.0,44.0,47.0,25.0,5.0,R,25.0
Louisiana1994,6.0,37.0,42.0,36.0,3.0,D,25.0
Oregon1994,7.0,38.0,19.0,43.0,17.0,D,25.0
Mississippi1994,8.0,31.0,38.0,39.0,21.0,R,27.0
Tennessee1994,9.0,12.5,49.0,49.0,14.0,D,27.0
Alabama1994,10.0,33.0,32.0,42.0,16.0,R,27.0
Washington1994,11.0,45.0,50.0,50.0,18.0,D,35.0
Idaho1994,12.0,50.0,35.0,45.0,19.0,R,32.0
North Carolina1994,13.0,10.5,48.0,48.0,33.0,R,30.0
Nevada1994,14.0,49.0,13.0,23.0,13.0,D,22.0
California1994,15.0,35.5,15.0,27.0,4.0,D,19.0
Georgia1994,16.0,30.0,30.0,38.0,15.0,D,26.0
Arkansas1994,17.0,20.0,29.0,40.0,20.0,D,25.0
Virginia1994,18.0,22.5,40.0,41.0,32.0,R,31.0
New Mexico1994,19.0,41.0,6.0,3.0,11.0,D,16.0
Kentucky1994,20.0,2.0,33.0,21.0,28.0,D,21.0
Oklahoma1994,21.0,26.0,7.0,8.0,8.0,R,14.0
West Virginia1994,22.0,16.5,10.0,6.0,23.0,D,16.0
Montana1994,23.0,35.5,8.0,32.0,24.0,D,24.0
Maryland1994,24.0,33.0,22.0,18.0,34.0,D,26.0
Utah1994,25.0,48.0,3.0,2.0,2.0,R,16.0
Missouri1994,26.0,12.5,26.0,12.0,30.0,D,21.0
Colorado1994,27.0,40.0,24.0,14.0,12.0,D,23.0
North Dakota1994,28.0,22.5,4.0,4.0,40.0,R,20.0
Kansas1994,29.0,29.0,37.0,10.0,10.0,R,23.0
South Dakota1994,30.0,21.0,5.0,20.0,42.0,R,24.0
Nebraska1994,31.0,43.0,39.0,35.0,25.0,R,35.0
Iowa1994,32.0,6.0,27.0,31.0,36.0,D,26.0
Wyoming1994,33.0,42.0,12.0,11.0,26.0,R,25.0
Delaware1994,34.0,19.0,31.0,7.0,43.0,D,27.0
Indiana1994,35.0,16.5,36.0,15.0,29.0,R,26.0
New York1994,36.0,33.0,45.0,47.0,38.0,D,40.0
Minnesota1994,37.0,10.5,28.0,26.0,35.0,D,27.0
Wisconsin1994,38.0,1.0,21.0,24.0,39.0,D,25.0
Ohio1994,39.0,4.0,11.0,9.0,27.0,D,18.0
Pennsylvania1994,40.0,3.0,43.0,34.0,41.0,D,32.0
Illinois1994,41.0,28.0,25.0,13.0,9.0,D,23.0
New Jersey1994,42.0,24.5,46.0,33.0,37.0,D,36.0
New Hampshire1994,43.0,16.5,9.0,28.0,48.0,D,29.0
Michigan1994,44.0,24.5,23.0,16.0,31.0,D,28.0
Connecticut1994,45.0,14.0,14.0,17.0,47.0,D,27.0
Vermont1994,46.0,16.5,2.0,5.0,50.0,D,24.0
Maine1994,47.0,6.0,34.0,46.0,49.0,D,36.0
Rhode Island1994,48.0,6.0,1.0,1.0,46.0,D,20.0
Massachusetts1994,49.0,8.0,16.0,19.0,45.0,D,27.0
Alaska1994,50.0,9.0,41.0,37.0,44.0,R,36.0
Hawaii1995,1.0,27.0,17.0,28.0,1.0,D,15.0
Florida1995,2.0,46.0,19.0,22.0,6.0,R,19.0
Arizona1995,3.0,47.0,16.0,29.0,7.0,R,20.0
South Carolina1995,4.0,39.0,44.0,42.0,23.0,R,30.0
Texas1995,5.0,44.0,47.0,26.0,5.0,R,25.0
Louisiana1995,6.0,37.0,41.0,34.0,3.0,D,24.0
Oregon1995,7.0,38.0,18.0,43.0,14.0,D,24.0
Mississippi1995,8.0,31.0,37.0,37.0,20.0,R,27.0
Washington1995,9.0,45.0,50.0,50.0,18.0,D,34.0
Alabama1995,10.0,33.0,33.0,41.0,16.0,R,27.0
Tennessee1995,11.0,12.5,49.0,49.0,12.0,D,27.0
Nevada1995,12.0,49.0,14.0,23.0,9.0,D,21.0
California1995,13.0,35.5,13.0,30.0,4.0,D,19.0
Idaho1995,14.0,50.0,35.0,44.0,22.0,R,33.0
North Carolina1995,15.0,10.5,48.0,47.0,34.0,R,31.0
Georgia1995,16.0,30.0,30.0,36.0,13.0,D,25.0
New Mexico1995,17.0,41.0,6.0,3.0,11.0,D,16.0
Virginia1995,18.0,22.5,40.0,40.0,32.0,R,30.0
Arkansas1995,19.0,20.0,29.0,39.0,15.0,D,24.0
Oklahoma1995,20.0,26.0,7.0,9.0,8.0,R,14.0
Kentucky1995,21.0,2.0,34.0,20.0,27.0,D,21.0
West Virginia1995,22.0,16.5,9.0,6.0,21.0,D,15.0
Maryland1995,23.0,33.0,21.0,17.0,33.0,D,25.0
Utah1995,24.0,48.0,3.0,2.0,2.0,R,16.0
Montana1995,25.0,35.5,38.0,48.0,24.0,D,34.0
Missouri1995,26.0,12.5,25.0,12.0,30.0,D,21.0
North Dakota1995,27.0,22.5,4.0,5.0,41.0,R,20.0
Colorado1995,28.0,40.0,22.0,15.0,17.0,D,24.0
South Dakota1995,29.0,21.0,5.0,21.0,42.0,R,24.0
Nebraska1995,30.0,43.0,39.0,38.0,25.0,R,35.0
Delaware1995,31.0,19.0,27.0,7.0,43.0,D,25.0
Kansas1995,32.0,29.0,32.0,10.0,19.0,R,24.0
Iowa1995,33.0,6.0,26.0,31.0,37.0,D,27.0
Indiana1995,34.0,16.5,36.0,14.0,28.0,R,26.0
New York1995,35.0,33.0,45.0,45.0,39.0,D,39.0
Wyoming1995,36.0,42.0,11.0,11.0,29.0,R,26.0
Wisconsin1995,37.0,1.0,20.0,24.0,38.0,D,24.0
New Jersey1995,38.0,24.5,46.0,33.0,36.0,D,36.0
Minnesota1995,39.0,10.5,28.0,27.0,35.0,D,28.0
Pennsylvania1995,40.0,3.0,42.0,32.0,40.0,D,31.0
Ohio1995,41.0,4.0,10.0,8.0,26.0,D,18.0
New Hampshire1995,42.0,16.5,8.0,25.0,48.0,D,28.0
Connecticut1995,43.0,14.0,12.0,19.0,47.0,D,27.0
Illinois1995,44.0,28.0,24.0,13.0,10.0,D,24.0
Vermont1995,45.0,16.5,2.0,4.0,49.0,D,23.0
Massachusetts1995,46.0,8.0,15.0,18.0,44.0,D,26.0
Rhode Island1995,47.0,6.0,1.0,1.0,46.0,D,20.0
Michigan1995,48.0,24.5,23.0,16.0,31.0,D,28.0
Alaska1995,49.0,9.0,43.0,35.0,45.0,R,36.0
Maine1995,50.0,6.0,31.0,46.0,50.0,D,37.0
Hawaii1996,1.0,47.0,16.0,26.0,1.0,D,18.0
Florida1996,2.0,38.0,19.0,22.0,7.0,D,18.0
Arizona1996,3.0,40.0,17.0,30.0,5.0,R,19.0
South Carolina1996,4.0,17.5,45.0,43.0,20.0,R,26.0
Texas1996,5.0,41.5,48.0,21.0,2.0,R,24.0
Louisiana1996,6.0,25.0,42.0,35.0,6.0,D,23.0
Oregon1996,7.0,41.5,18.0,44.0,10.0,D,24.0
Mississippi1996,8.0,39.0,37.0,37.0,21.0,R,28.0
Nevada1996,9.0,48.0,15.0,23.0,8.0,D,21.0
California1996,10.0,17.5,12.0,29.0,3.0,D,14.0
Washington1996,11.0,45.0,50.0,50.0,17.0,D,35.0
Alabama1996,12.0,17.5,33.0,42.0,16.0,R,24.0
Tennessee1996,13.0,4.0,49.0,49.0,18.0,D,27.0
Idaho1996,14.0,49.0,38.0,47.0,19.0,R,33.0
North Carolina1996,15.0,9.5,35.0,33.0,34.0,R,25.0
Georgia1996,16.0,22.5,31.0,38.0,13.0,R,24.0
Arkansas1996,17.0,29.0,28.0,39.0,15.0,D,26.0
New Mexico1996,18.0,36.0,6.0,3.0,9.0,D,14.0
Virginia1996,19.0,17.5,41.0,41.0,31.0,R,30.0
Kentucky1996,20.0,1.0,34.0,18.0,27.0,D,20.0
Oklahoma1996,21.0,32.5,7.0,9.0,11.0,R,16.0
West Virginia1996,22.0,27.0,8.0,7.0,22.0,D,17.0
Utah1996,23.0,50.0,3.0,2.0,4.0,R,16.0
Maryland1996,24.0,30.0,21.0,19.0,32.0,D,25.0
Colorado1996,25.0,44.0,22.0,15.0,14.0,R,24.0
Montana1996,26.0,24.0,39.0,48.0,25.0,R,32.0
Missouri1996,27.0,7.0,25.0,11.0,30.0,D,20.0
Delaware1996,28.0,27.0,27.0,6.0,42.0,D,26.0
Wyoming1996,29.0,17.5,11.0,13.0,24.0,R,19.0
North Dakota1996,30.0,27.0,4.0,5.0,41.0,R,21.0
Nebraska1996,31.0,46.0,40.0,40.0,28.0,R,37.0
Iowa1996,32.0,7.0,26.0,31.0,39.0,D,27.0
Kansas1996,33.0,43.0,32.0,10.0,23.0,R,28.0
New York1996,34.0,17.5,46.0,46.0,36.0,D,36.0
Indiana1996,35.0,22.5,36.0,14.0,29.0,R,27.0
South Dakota1996,36.0,13.0,5.0,24.0,44.0,R,24.0
Pennsylvania1996,37.0,5.0,43.0,36.0,38.0,D,32.0
Ohio1996,38.0,17.5,10.0,8.0,26.0,D,20.0
New Jersey1996,39.0,31.0,47.0,32.0,35.0,D,37.0
Wisconsin1996,40.0,3.0,20.0,27.0,40.0,D,26.0
Minnesota1996,41.0,9.5,29.0,25.0,37.0,D,28.0
Massachusetts1996,42.0,12.0,14.0,17.0,43.0,D,26.0
New Hampshire1996,43.0,34.5,9.0,28.0,48.0,D,32.0
Connecticut1996,44.0,17.5,13.0,20.0,47.0,D,28.0
Vermont1996,45.0,32.5,2.0,4.0,49.0,D,26.0
Illinois1996,46.0,37.0,24.0,12.0,12.0,D,26.0
Rhode Island1996,47.0,11.0,1.0,1.0,46.0,D,21.0
Michigan1996,48.0,34.5,23.0,16.0,33.0,D,31.0
Alaska1996,49.0,2.0,44.0,34.0,45.0,R,35.0
Maine1996,50.0,7.0,30.0,45.0,50.0,D,36.0
Hawaii1997,1.0,47.0,14.0,21.0,1.0,D,17.0
Florida1997,2.0,38.0,17.0,20.0,5.0,D,16.0
Arizona1997,3.0,40.0,16.0,34.0,4.0,R,19.0
South Carolina1997,4.0,17.5,45.0,43.0,20.0,R,26.0
Texas1997,5.0,41.5,48.0,22.0,6.0,R,24.0
Mississippi1997,6.0,39.0,35.0,36.0,21.0,R,27.0
Oregon1997,7.0,41.5,18.0,44.0,11.0,D,24.0
Louisiana1997,8.0,25.0,43.0,35.0,7.0,D,24.0
Alabama1997,9.0,17.5,32.0,42.0,18.0,R,24.0
Tennessee1997,10.0,4.0,49.0,48.0,15.0,D,25.0
California1997,11.0,17.5,11.0,28.0,3.0,D,14.0
Washington1997,12.0,45.0,50.0,50.0,22.0,D,36.0
North Carolina1997,13.0,9.5,33.0,33.0,34.0,R,24.0
Idaho1997,14.0,49.0,37.0,46.0,19.0,R,33.0
Nevada1997,15.0,48.0,15.0,27.0,10.0,D,23.0
Georgia1997,16.0,22.5,29.0,37.0,14.0,R,24.0
Arkansas1997,17.0,29.0,28.0,38.0,17.0,D,26.0
Virginia1997,18.0,17.5,41.0,40.0,32.0,R,30.0
New Mexico1997,19.0,36.0,5.0,3.0,16.0,D,16.0
Kentucky1997,20.0,1.0,34.0,18.0,28.0,D,20.0
Oklahoma1997,21.0,32.5,6.0,9.0,12.0,R,16.0
Maryland1997,22.0,30.0,21.0,16.0,31.0,D,24.0
West Virginia1997,23.0,27.0,7.0,6.0,24.0,D,17.0
Delaware1997,24.0,27.0,26.0,5.0,41.0,D,25.0
Colorado1997,25.0,44.0,20.0,14.0,2.0,R,21.0
Missouri1997,26.0,7.0,24.0,10.0,30.0,D,19.0
Utah1997,27.0,50.0,3.0,2.0,8.0,R,18.0
Kansas1997,28.0,43.0,31.0,7.0,27.0,R,27.0
Wyoming1997,29.0,17.5,10.0,13.0,9.0,R,16.0
Montana1997,30.0,24.0,38.0,49.0,26.0,R,33.0
Nebraska1997,31.0,46.0,40.0,39.0,23.0,R,36.0
South Dakota1997,32.0,13.0,4.0,25.0,42.0,R,23.0
Iowa1997,33.0,7.0,25.0,30.0,40.0,D,27.0
North Dakota1997,34.0,27.0,39.0,41.0,45.0,R,37.0
Indiana1997,35.0,22.5,36.0,12.0,29.0,R,27.0
New York1997,36.0,17.5,46.0,47.0,37.0,D,37.0
Wisconsin1997,37.0,3.0,19.0,24.0,38.0,D,24.0
Pennsylvania1997,38.0,5.0,42.0,32.0,39.0,D,31.0
Minnesota1997,39.0,9.5,27.0,26.0,36.0,D,28.0
Ohio1997,40.0,17.5,9.0,8.0,25.0,D,20.0
New Jersey1997,41.0,31.0,47.0,31.0,35.0,D,37.0
Massachusetts1997,42.0,12.0,13.0,15.0,44.0,D,25.0
Illinois1997,43.0,37.0,23.0,11.0,13.0,D,25.0
Connecticut1997,44.0,17.5,12.0,19.0,47.0,D,28.0
New Hampshire1997,45.0,34.5,8.0,23.0,48.0,D,32.0
Vermont1997,46.0,32.5,2.0,4.0,49.0,D,27.0
Michigan1997,47.0,34.5,22.0,17.0,33.0,D,31.0
Rhode Island1997,48.0,11.0,1.0,1.0,46.0,D,21.0
Alaska1997,49.0,2.0,44.0,29.0,43.0,R,33.0
Maine1997,50.0,7.0,30.0,45.0,50.0,D,36.0
Hawaii1998,1.0,47.0,14.0,24.0,8.0,D,19.0
Florida1998,2.0,38.0,17.0,21.0,4.0,D,16.0
Arizona1998,3.0,40.0,16.0,33.0,6.0,R,20.0
South Carolina1998,4.0,17.5,46.0,43.0,20.0,R,26.0
Texas1998,5.0,41.5,48.0,23.0,7.0,R,25.0
Louisiana1998,6.0,25.0,43.0,37.0,9.0,D,24.0
Mississippi1998,7.0,39.0,36.0,30.0,22.0,R,27.0
Alabama1998,8.0,17.5,34.0,42.0,17.0,R,24.0
Oregon1998,9.0,41.5,18.0,44.0,11.0,D,25.0
Tennessee1998,10.0,4.0,49.0,49.0,18.0,D,26.0
Washington1998,11.0,45.0,50.0,50.0,21.0,D,35.0
North Carolina1998,12.0,9.5,35.0,36.0,36.0,R,26.0
Georgia1998,13.0,22.5,30.0,38.0,15.0,R,24.0
Idaho1998,14.0,49.0,38.0,46.0,13.0,R,32.0
Arkansas1998,15.0,29.0,29.0,40.0,14.0,D,25.0
California1998,16.0,17.5,13.0,29.0,5.0,D,16.0
Virginia1998,17.0,17.5,41.0,41.0,34.0,R,30.0
Nevada1998,18.0,48.0,15.0,28.0,12.0,D,24.0
Kentucky1998,19.0,1.0,33.0,17.0,27.0,D,19.0
Oklahoma1998,20.0,32.5,6.0,9.0,16.0,R,17.0
Maryland1998,21.0,30.0,20.0,18.0,31.0,D,24.0
New Mexico1998,22.0,36.0,5.0,3.0,25.0,D,18.0
West Virginia1998,23.0,27.0,7.0,6.0,24.0,D,17.0
Missouri1998,24.0,7.0,24.0,10.0,28.0,D,19.0
Montana1998,25.0,24.0,39.0,48.0,19.0,R,31.0
Colorado1998,26.0,44.0,21.0,14.0,1.0,R,21.0
Delaware1998,27.0,27.0,25.0,4.0,41.0,D,25.0
South Dakota1998,28.0,13.0,4.0,19.0,42.0,R,21.0
Utah1998,29.0,50.0,3.0,2.0,2.0,R,17.0
Iowa1998,30.0,7.0,28.0,31.0,38.0,D,27.0
Indiana1998,31.0,22.5,37.0,12.0,26.0,R,26.0
Nebraska1998,32.0,46.0,32.0,32.0,30.0,R,34.0
North Dakota1998,33.0,27.0,40.0,39.0,43.0,R,36.0
Kansas1998,34.0,43.0,31.0,7.0,29.0,R,29.0
Wyoming1998,35.0,17.5,10.0,13.0,3.0,R,16.0
Wisconsin1998,36.0,3.0,19.0,22.0,37.0,D,23.0
Minnesota1998,37.0,9.5,27.0,27.0,35.0,D,27.0
New York1998,38.0,17.5,45.0,47.0,39.0,D,37.0
Ohio1998,39.0,17.5,9.0,8.0,23.0,D,19.0
Pennsylvania1998,40.0,5.0,42.0,34.0,40.0,D,32.0
New Jersey1998,41.0,31.0,47.0,35.0,32.0,D,37.0
Illinois1998,42.0,37.0,23.0,11.0,10.0,D,25.0
Connecticut1998,43.0,17.5,11.0,20.0,47.0,D,28.0
Massachusetts1998,44.0,12.0,12.0,15.0,45.0,D,26.0
Michigan1998,45.0,34.5,22.0,16.0,33.0,D,30.0
New Hampshire1998,46.0,34.5,8.0,25.0,48.0,D,32.0
Rhode Island1998,47.0,11.0,1.0,1.0,46.0,D,21.0
Vermont1998,48.0,32.5,2.0,5.0,49.0,D,27.0
Alaska1998,49.0,2.0,44.0,26.0,44.0,R,33.0
Maine1998,50.0,7.0,26.0,45.0,50.0,D,36.0
Hawaii1999,1.0,47.0,10.0,24.0,1.0,D,17.0
Florida1999,2.0,38.0,16.0,20.0,3.0,D,16.0
Arizona1999,3.0,40.0,14.0,29.0,5.0,R,18.0
Texas1999,4.0,41.5,48.0,21.0,7.0,R,24.0
South Carolina1999,5.0,17.5,46.0,43.0,17.0,R,26.0
Louisiana1999,6.0,25.0,41.0,36.0,6.0,D,23.0
Mississippi1999,7.0,39.0,37.0,31.0,19.0,R,27.0
Alabama1999,8.0,17.5,34.0,42.0,21.0,R,24.0
Tennessee1999,9.0,4.0,49.0,48.0,15.0,D,25.0
North Carolina1999,10.0,9.5,33.0,30.0,32.0,R,23.0
Georgia1999,11.0,22.5,29.0,37.0,12.0,R,22.0
Oregon1999,12.0,41.5,17.0,44.0,9.0,D,25.0
Washington1999,13.0,45.0,50.0,50.0,16.0,D,35.0
Nevada1999,14.0,48.0,15.0,27.0,11.0,D,23.0
California1999,15.0,17.5,11.0,26.0,4.0,D,15.0
Arkansas1999,16.0,29.0,27.0,38.0,26.0,D,27.0
Virginia1999,17.0,17.5,42.0,41.0,31.0,R,30.0
Idaho1999,18.0,49.0,39.0,47.0,20.0,R,35.0
Oklahoma1999,19.0,32.5,6.0,9.0,18.0,R,17.0
Kentucky1999,20.0,1.0,35.0,15.0,23.0,D,19.0
Maryland1999,21.0,30.0,20.0,17.0,30.0,D,24.0
New Mexico1999,22.0,36.0,5.0,3.0,25.0,D,18.0
West Virginia1999,23.0,27.0,7.0,4.0,22.0,D,17.0
Montana1999,24.0,24.0,38.0,49.0,14.0,R,30.0
Missouri1999,25.0,7.0,23.0,10.0,29.0,D,19.0
Delaware1999,26.0,27.0,26.0,5.0,42.0,D,25.0
Utah1999,27.0,50.0,3.0,2.0,2.0,R,17.0
South Dakota1999,28.0,13.0,4.0,22.0,41.0,R,22.0
Colorado1999,29.0,44.0,19.0,13.0,10.0,R,23.0
Nebraska1999,30.0,46.0,31.0,33.0,27.0,R,33.0
Wyoming1999,31.0,17.5,9.0,11.0,8.0,R,15.0
Indiana1999,32.0,22.5,36.0,14.0,28.0,R,26.0
North Dakota1999,33.0,27.0,40.0,39.0,43.0,R,36.0
Iowa1999,34.0,7.0,30.0,35.0,40.0,D,29.0
Kansas1999,35.0,43.0,32.0,7.0,34.0,R,30.0
Minnesota1999,36.0,9.5,28.0,28.0,35.0,D,27.0
New York1999,37.0,17.5,45.0,46.0,37.0,D,36.0
Ohio1999,38.0,17.5,8.0,8.0,24.0,D,19.0
Wisconsin1999,39.0,3.0,18.0,25.0,38.0,D,25.0
Pennsylvania1999,40.0,5.0,43.0,32.0,39.0,D,32.0
New Jersey1999,41.0,31.0,47.0,34.0,33.0,D,37.0
Illinois1999,42.0,37.0,22.0,12.0,13.0,D,25.0
Massachusetts1999,43.0,12.0,13.0,16.0,44.0,D,26.0
Rhode Island1999,44.0,11.0,1.0,1.0,45.0,D,20.0
New Hampshire1999,45.0,34.5,24.0,40.0,48.0,D,38.0
Vermont1999,46.0,32.5,2.0,6.0,49.0,D,27.0
Connecticut1999,47.0,17.5,12.0,19.0,47.0,D,28.0
Michigan1999,48.0,34.5,21.0,18.0,36.0,D,32.0
Alaska1999,49.0,2.0,44.0,23.0,46.0,R,33.0
Maine1999,50.0,7.0,25.0,45.0,50.0,D,35.0
Hawaii2000,1.0,47.0,10.0,24.0,3.0,D,17.0
Florida2000,2.0,38.0,17.0,21.0,1.0,R,16.0
Arizona2000,3.0,40.0,14.0,27.0,4.0,R,18.0
South Carolina2000,4.0,17.5,47.0,43.0,15.0,R,25.0
Texas2000,5.0,41.5,48.0,23.0,8.0,R,25.0
Louisiana2000,6.0,25.0,44.0,36.0,7.0,R,24.0
Oregon2000,7.0,41.5,15.0,44.0,10.0,D,24.0
California2000,8.0,17.5,11.0,29.0,2.0,D,14.0
Alabama2000,9.0,17.5,35.0,42.0,21.0,R,25.0
Tennessee2000,10.0,4.0,49.0,49.0,13.0,R,25.0
Mississippi2000,11.0,39.0,37.0,35.0,30.0,R,30.0
North Carolina2000,12.0,9.5,34.0,30.0,32.0,R,24.0
Washington2000,13.0,45.0,50.0,50.0,12.0,D,34.0
Nevada2000,14.0,48.0,16.0,28.0,6.0,R,22.0
Georgia2000,15.0,22.5,32.0,37.0,11.0,R,24.0
Arkansas2000,16.0,29.0,30.0,38.0,22.0,R,27.0
Kentucky2000,17.0,1.0,36.0,16.0,20.0,R,18.0
Virginia2000,18.0,17.5,42.0,40.0,33.0,R,30.0
Idaho2000,19.0,49.0,40.0,45.0,31.0,R,37.0
Oklahoma2000,20.0,32.5,6.0,8.0,16.0,R,16.0
New Mexico2000,21.0,36.0,5.0,3.0,26.0,D,18.0
West Virginia2000,22.0,27.0,7.0,6.0,18.0,R,16.0
Maryland2000,23.0,30.0,20.0,18.0,29.0,D,24.0
Missouri2000,24.0,7.0,24.0,9.0,25.0,R,18.0
Utah2000,25.0,50.0,3.0,2.0,5.0,R,17.0
Delaware2000,26.0,27.0,27.0,5.0,41.0,D,25.0
Montana2000,27.0,24.0,39.0,47.0,27.0,R,33.0
Colorado2000,28.0,44.0,19.0,13.0,14.0,R,24.0
South Dakota2000,29.0,13.0,4.0,20.0,42.0,R,22.0
Wyoming2000,30.0,17.5,9.0,12.0,19.0,R,18.0
Kansas2000,31.0,43.0,33.0,7.0,23.0,R,27.0
Nebraska2000,32.0,46.0,28.0,32.0,28.0,R,33.0
Iowa2000,33.0,7.0,26.0,33.0,38.0,D,27.0
Indiana2000,34.0,22.5,38.0,15.0,24.0,R,27.0
North Dakota2000,35.0,27.0,41.0,39.0,46.0,R,38.0
Minnesota2000,36.0,9.5,31.0,31.0,36.0,D,29.0
Wisconsin2000,37.0,3.0,18.0,25.0,37.0,D,24.0
Ohio2000,38.0,17.5,8.0,10.0,17.0,R,18.0
New Jersey2000,39.0,31.0,21.0,11.0,34.0,D,27.0
New York2000,40.0,17.5,46.0,48.0,40.0,D,38.0
Pennsylvania2000,41.0,5.0,43.0,34.0,39.0,D,32.0
Illinois2000,42.0,37.0,23.0,14.0,9.0,D,25.0
New Hampshire2000,43.0,34.5,25.0,41.0,48.0,R,38.0
Rhode Island2000,44.0,11.0,1.0,1.0,44.0,D,20.0
Michigan2000,45.0,34.5,22.0,19.0,35.0,D,31.0
Massachusetts2000,46.0,12.0,13.0,17.0,45.0,D,27.0
Connecticut2000,47.0,17.5,12.0,22.0,47.0,D,29.0
Vermont2000,48.0,32.5,2.0,4.0,49.0,D,27.0
Alaska2000,49.0,2.0,45.0,26.0,43.0,R,33.0
Maine2000,50.0,7.0,29.0,46.0,50.0,D,36.0
Hawaii2001,1.0,47.0,8.0,21.0,3.0,D,16.0
Florida2001,2.0,36.0,15.0,22.0,2.0,R,15.0
Arizona2001,3.0,44.0,14.0,26.0,4.0,R,18.0
South Carolina2001,4.0,35.0,47.0,43.0,12.0,R,28.0
Texas2001,5.0,41.0,48.0,24.0,13.0,R,26.0
Louisiana2001,6.0,37.0,42.0,38.0,9.0,R,26.0
Oregon2001,7.0,40.0,13.0,44.0,10.0,D,23.0
Alabama2001,8.0,19.0,32.0,42.0,20.0,R,24.0
Tennessee2001,9.0,17.0,49.0,49.0,11.0,R,27.0
North Carolina2001,10.0,9.0,34.0,30.0,31.0,R,23.0
California2001,11.0,46.0,10.0,25.0,1.0,D,19.0
Mississippi2001,12.0,39.0,35.0,29.0,29.0,R,29.0
Georgia2001,13.0,25.0,27.0,35.0,8.0,R,22.0
Nevada2001,14.0,50.0,16.0,28.0,5.0,R,23.0
Kentucky2001,15.0,4.0,37.0,23.0,15.0,R,19.0
Washington2001,16.0,34.0,50.0,50.0,17.0,D,33.0
Arkansas2001,17.0,31.0,28.0,39.0,23.0,R,28.0
Virginia2001,18.0,12.0,43.0,41.0,30.0,R,29.0
Idaho2001,19.0,48.0,38.0,45.0,24.0,R,35.0
Oklahoma2001,20.0,24.0,5.0,8.0,18.0,R,15.0
Maryland2001,21.0,32.0,19.0,12.0,27.0,D,22.0
West Virginia2001,22.0,30.0,6.0,5.0,22.0,R,17.0
New Mexico2001,23.0,33.0,41.0,11.0,37.0,D,29.0
Utah2001,24.0,49.0,3.0,2.0,6.0,R,17.0
South Dakota2001,25.0,22.5,4.0,18.0,41.0,R,22.0
Iowa2001,26.0,5.0,29.0,34.0,33.0,D,25.0
Missouri2001,27.0,20.0,23.0,10.0,35.0,R,23.0
Delaware2001,28.0,7.5,26.0,3.0,42.0,D,21.0
Indiana2001,29.0,16.0,39.0,19.0,21.0,R,25.0
Montana2001,30.0,38.0,36.0,46.0,26.0,R,35.0
Kansas2001,31.0,28.5,33.0,9.0,19.0,R,24.0
Wyoming2001,32.0,42.0,9.0,14.0,28.0,R,25.0
Colorado2001,33.0,43.0,22.0,13.0,14.0,R,25.0
Ohio2001,34.0,10.0,7.0,6.0,16.0,R,15.0
Nebraska2001,35.0,45.0,31.0,36.0,25.0,R,34.0
Minnesota2001,36.0,7.5,30.0,32.0,34.0,D,28.0
Wisconsin2001,37.0,2.0,17.0,27.0,38.0,D,24.0
North Dakota2001,38.0,27.0,40.0,37.0,46.0,R,38.0
New Jersey2001,39.0,14.5,20.0,7.0,32.0,D,22.0
Illinois2001,40.0,28.5,21.0,16.0,7.0,D,22.0
Pennsylvania2001,41.0,3.0,44.0,31.0,39.0,D,32.0
New York2001,42.0,26.0,46.0,47.0,40.0,D,40.0
New Hampshire2001,43.0,12.0,24.0,40.0,48.0,R,33.0
Michigan2001,44.0,21.0,18.0,20.0,36.0,D,28.0
Connecticut2001,45.0,12.0,11.0,17.0,47.0,D,26.0
Rhode Island2001,46.0,14.5,1.0,1.0,44.0,D,21.0
Massachusetts2001,47.0,18.0,12.0,15.0,45.0,D,27.0
Vermont2001,48.0,6.0,2.0,4.0,49.0,D,22.0
Alaska2001,49.0,22.5,45.0,33.0,43.0,R,38.0
Maine2001,50.0,1.0,25.0,48.0,50.0,D,35.0
Hawaii2002,1.0,47.0,11.0,16.0,3.0,D,16.0
Florida2002,2.0,36.0,15.0,22.0,2.0,R,15.0
Arizona2002,3.0,44.0,12.0,23.0,4.0,R,17.0
South Carolina2002,4.0,35.0,47.0,42.0,12.0,R,28.0
Texas2002,5.0,41.0,48.0,27.0,9.0,R,26.0
Louisiana2002,6.0,37.0,41.0,35.0,5.0,R,25.0
Alabama2002,7.0,19.0,31.0,41.0,16.0,R,23.0
Mississippi2002,8.0,39.0,34.0,26.0,24.0,R,26.0
North Carolina2002,9.0,9.0,33.0,29.0,29.0,R,22.0
Oregon2002,10.0,40.0,14.0,44.0,11.0,D,24.0
Tennessee2002,11.0,17.0,49.0,49.0,13.0,R,28.0
California2002,12.0,46.0,9.0,28.0,1.0,D,19.0
Georgia2002,13.0,25.0,26.0,40.0,7.0,R,22.0
Washington2002,14.0,34.0,50.0,50.0,21.0,D,34.0
Nevada2002,15.0,50.0,45.0,43.0,8.0,R,32.0
Arkansas2002,16.0,31.0,25.0,39.0,18.0,R,26.0
Kentucky2002,17.0,4.0,38.0,24.0,15.0,R,20.0
Virginia2002,18.0,12.0,42.0,36.0,27.0,R,27.0
Idaho2002,19.0,48.0,35.0,45.0,17.0,R,33.0
West Virginia2002,20.0,30.0,6.0,5.0,19.0,R,16.0
Maryland2002,21.0,32.0,21.0,17.0,26.0,D,23.0
Oklahoma2002,22.0,24.0,5.0,7.0,22.0,R,16.0
New Mexico2002,23.0,33.0,39.0,12.0,35.0,D,28.0
Missouri2002,24.0,20.0,22.0,11.0,30.0,R,21.0
Delaware2002,25.0,7.5,27.0,3.0,41.0,D,21.0
Utah2002,26.0,49.0,3.0,2.0,6.0,R,17.0
South Dakota2002,27.0,22.5,4.0,21.0,42.0,R,23.0
Iowa2002,28.0,5.0,28.0,34.0,36.0,D,26.0
Kansas2002,29.0,28.5,32.0,13.0,23.0,R,25.0
Indiana2002,30.0,16.0,37.0,19.0,25.0,R,25.0
Montana2002,31.0,38.0,36.0,48.0,28.0,R,36.0
Colorado2002,32.0,43.0,17.0,9.0,14.0,R,23.0
Nebraska2002,33.0,45.0,29.0,33.0,33.0,R,35.0
Ohio2002,34.0,10.0,7.0,4.0,20.0,R,15.0
Wyoming2002,35.0,42.0,8.0,10.0,31.0,R,25.0
New Jersey2002,36.0,14.5,18.0,8.0,32.0,D,22.0
Minnesota2002,37.0,7.5,30.0,31.0,34.0,D,28.0
North Dakota2002,38.0,27.0,40.0,37.0,45.0,R,37.0
New York2002,39.0,26.0,46.0,47.0,39.0,D,39.0
Pennsylvania2002,40.0,3.0,43.0,30.0,40.0,D,31.0
Wisconsin2002,41.0,2.0,16.0,25.0,38.0,D,24.0
New Hampshire2002,42.0,12.0,24.0,38.0,48.0,R,33.0
Illinois2002,43.0,28.5,20.0,18.0,10.0,D,24.0
Connecticut2002,44.0,12.0,10.0,15.0,47.0,D,26.0
Rhode Island2002,45.0,14.5,1.0,1.0,44.0,D,21.0
Vermont2002,46.0,6.0,2.0,6.0,49.0,D,22.0
Massachusetts2002,47.0,18.0,13.0,14.0,46.0,D,28.0
Michigan2002,48.0,21.0,19.0,20.0,37.0,D,29.0
Alaska2002,49.0,22.5,44.0,32.0,43.0,R,38.0
Maine2002,50.0,1.0,23.0,46.0,50.0,D,34.0
Hawaii2003,1.0,47.0,12.0,18.0,1.0,D,16.0
Florida2003,2.0,36.0,16.0,22.0,2.0,R,16.0
Arizona2003,3.0,44.0,14.0,23.0,3.0,R,17.0
South Carolina2003,4.0,35.0,47.0,44.0,15.0,R,29.0
Texas2003,5.0,41.0,48.0,25.0,9.0,R,26.0
Louisiana2003,6.0,37.0,42.0,37.0,5.0,R,25.0
Alabama2003,7.0,19.0,31.0,42.0,12.0,R,22.0
Mississippi2003,8.0,39.0,37.0,24.0,19.0,R,25.0
Oregon2003,9.0,40.0,13.0,45.0,11.0,D,24.0
Tennessee2003,10.0,17.0,49.0,49.0,13.0,R,28.0
Washington2003,11.0,34.0,50.0,50.0,14.0,D,32.0
California2003,12.0,46.0,9.0,29.0,4.0,D,20.0
North Carolina2003,13.0,9.0,34.0,36.0,32.0,R,25.0
Nevada2003,14.0,50.0,46.0,43.0,7.0,R,32.0
Georgia2003,15.0,25.0,28.0,34.0,8.0,R,22.0
Arkansas2003,16.0,31.0,27.0,40.0,16.0,R,26.0
Idaho2003,17.0,48.0,32.0,46.0,17.0,R,32.0
Kentucky2003,18.0,4.0,38.0,26.0,20.0,R,21.0
Virginia2003,19.0,12.0,43.0,41.0,31.0,R,29.0
Oklahoma2003,20.0,24.0,5.0,6.0,18.0,R,15.0
New Mexico2003,21.0,33.0,40.0,12.0,25.0,D,26.0
West Virginia2003,22.0,30.0,6.0,8.0,21.0,R,17.0
Maryland2003,23.0,32.0,22.0,21.0,30.0,D,26.0
Utah2003,24.0,49.0,3.0,2.0,6.0,R,17.0
Missouri2003,25.0,20.0,23.0,11.0,28.0,R,21.0
South Dakota2003,26.0,22.5,4.0,19.0,41.0,R,22.0
Wyoming2003,27.0,42.0,11.0,9.0,26.0,R,23.0
Delaware2003,28.0,7.5,26.0,3.0,42.0,D,21.0
Nebraska2003,29.0,45.0,30.0,32.0,29.0,R,33.0
Kansas2003,30.0,28.5,35.0,14.0,24.0,R,26.0
Montana2003,31.0,38.0,36.0,48.0,35.0,R,38.0
Iowa2003,32.0,5.0,29.0,35.0,36.0,D,27.0
Colorado2003,33.0,43.0,18.0,10.0,22.0,R,25.0
Indiana2003,34.0,16.0,39.0,16.0,27.0,R,26.0
North Dakota2003,35.0,27.0,41.0,39.0,45.0,R,37.0
Ohio2003,36.0,10.0,7.0,5.0,23.0,R,16.0
Wisconsin2003,37.0,2.0,17.0,27.0,37.0,D,24.0
Minnesota2003,38.0,7.5,33.0,30.0,34.0,D,28.0
New York2003,39.0,26.0,8.0,28.0,39.0,D,28.0
Illinois2003,40.0,28.5,20.0,17.0,10.0,D,23.0
Pennsylvania2003,41.0,3.0,44.0,31.0,40.0,D,32.0
New Jersey2003,42.0,14.5,19.0,7.0,33.0,D,23.0
New Hampshire2003,43.0,12.0,25.0,38.0,48.0,R,33.0
Massachusetts2003,44.0,18.0,10.0,13.0,44.0,D,26.0
Michigan2003,45.0,21.0,21.0,20.0,38.0,D,29.0
Vermont2003,46.0,6.0,2.0,4.0,49.0,D,21.0
Rhode Island2003,47.0,14.5,1.0,1.0,46.0,D,22.0
Alaska2003,48.0,22.5,45.0,33.0,43.0,R,38.0
Connecticut2003,49.0,12.0,15.0,15.0,47.0,D,28.0
Maine2003,50.0,1.0,24.0,47.0,50.0,D,34.0
Hawaii2004,1.0,47.0,13.0,17.0,1.0,R,16.0
Florida2004,2.0,36.0,15.0,18.0,3.0,D,15.0
Arizona2004,3.0,44.0,12.0,23.0,2.0,D,17.0
Texas2004,4.0,41.0,48.0,26.0,8.0,D,25.0
Louisiana2004,5.0,37.0,42.0,40.0,4.0,D,26.0
South Carolina2004,6.0,35.0,47.0,44.0,17.0,D,30.0
Mississippi2004,7.0,39.0,36.0,29.0,18.0,D,26.0
Alabama2004,8.0,19.0,34.0,42.0,14.0,D,23.0
Oregon2004,9.0,40.0,11.0,45.0,9.0,R,23.0
Tennessee2004,10.0,17.0,49.0,49.0,13.0,D,28.0
Washington2004,11.0,34.0,50.0,50.0,12.0,R,31.0
California2004,12.0,46.0,8.0,28.0,5.0,R,20.0
North Carolina2004,13.0,9.0,33.0,30.0,32.0,D,23.0
Arkansas2004,14.0,31.0,27.0,38.0,16.0,D,25.0
Georgia2004,15.0,25.0,28.0,34.0,11.0,D,23.0
Nevada2004,16.0,50.0,46.0,43.0,7.0,D,32.0
Kentucky2004,17.0,4.0,39.0,25.0,19.0,D,21.0
Oklahoma2004,18.0,24.0,5.0,7.0,15.0,D,14.0
Virginia2004,19.0,12.0,43.0,41.0,33.0,D,30.0
Idaho2004,20.0,48.0,35.0,46.0,27.0,D,35.0
New Mexico2004,21.0,33.0,40.0,15.0,25.0,D,27.0
West Virginia2004,22.0,30.0,6.0,6.0,26.0,D,18.0
Missouri2004,23.0,20.0,23.0,13.0,23.0,D,20.0
Maryland2004,24.0,32.0,21.0,19.0,29.0,D,25.0
South Dakota2004,25.0,22.5,4.0,21.0,38.0,D,22.0
Nebraska2004,26.0,45.0,30.0,35.0,28.0,D,33.0
Delaware2004,27.0,7.5,24.0,3.0,41.0,R,20.0
Iowa2004,28.0,5.0,29.0,37.0,35.0,D,27.0
Utah2004,29.0,49.0,3.0,2.0,6.0,D,18.0
Kansas2004,30.0,28.5,31.0,11.0,22.0,D,24.0
Indiana2004,31.0,16.0,38.0,14.0,24.0,D,25.0
Wyoming2004,32.0,42.0,9.0,10.0,30.0,D,25.0
Colorado2004,33.0,43.0,17.0,9.0,20.0,D,24.0
Montana2004,34.0,38.0,37.0,48.0,40.0,D,39.0
Ohio2004,35.0,10.0,22.0,8.0,21.0,D,19.0
Minnesota2004,36.0,7.5,32.0,31.0,34.0,R,28.0
Wisconsin2004,37.0,2.0,16.0,24.0,37.0,R,23.0
North Dakota2004,38.0,27.0,41.0,36.0,45.0,D,37.0
Illinois2004,39.0,28.5,18.0,16.0,10.0,R,22.0
New York2004,40.0,26.0,7.0,27.0,39.0,R,28.0
New Jersey2004,41.0,14.5,20.0,5.0,31.0,R,22.0
Pennsylvania2004,42.0,3.0,44.0,33.0,42.0,R,33.0
Massachusetts2004,43.0,18.0,10.0,12.0,44.0,R,25.0
Michigan2004,44.0,21.0,19.0,22.0,36.0,R,28.0
New Hampshire2004,45.0,12.0,26.0,39.0,48.0,R,34.0
Rhode Island2004,46.0,14.5,1.0,1.0,46.0,R,22.0
Alaska2004,47.0,22.5,45.0,32.0,43.0,D,38.0
Connecticut2004,48.0,12.0,14.0,20.0,47.0,R,28.0
Vermont2004,49.0,6.0,2.0,4.0,49.0,R,22.0
Maine2004,50.0,1.0,25.0,47.0,50.0,R,35.0
Hawaii2005,1.0,47.0,13.0,17.0,1.0,R,16.0
Florida2005,2.0,36.0,14.0,18.0,3.0,D,15.0
Arizona2005,3.0,44.0,12.0,21.0,2.0,D,16.0
Texas2005,4.0,41.0,48.0,25.0,9.0,D,25.0
South Carolina2005,5.0,35.0,47.0,45.0,17.0,D,30.0
Louisiana2005,6.0,37.0,42.0,37.0,4.0,D,25.0
Alabama2005,7.0,19.0,32.0,42.0,11.0,D,22.0
Mississippi2005,8.0,39.0,33.0,28.0,18.0,D,25.0
Oregon2005,9.0,40.0,11.0,44.0,12.0,R,23.0
Tennessee2005,10.0,17.0,49.0,49.0,13.0,D,28.0
North Carolina2005,11.0,9.0,35.0,31.0,29.0,D,23.0
California2005,12.0,46.0,7.0,27.0,5.0,R,19.0
Arkansas2005,13.0,31.0,26.0,38.0,16.0,D,25.0
Washington2005,14.0,34.0,50.0,50.0,14.0,R,32.0
Georgia2005,15.0,25.0,27.0,33.0,8.0,D,22.0
Nevada2005,16.0,50.0,46.0,43.0,7.0,D,32.0
Kentucky2005,17.0,4.0,38.0,22.0,19.0,D,20.0
Oklahoma2005,18.0,24.0,39.0,30.0,15.0,D,25.0
Virginia2005,19.0,12.0,43.0,40.0,33.0,D,29.0
Idaho2005,20.0,48.0,34.0,46.0,25.0,D,35.0
West Virginia2005,21.0,30.0,5.0,6.0,21.0,D,17.0
New Mexico2005,22.0,33.0,40.0,24.0,27.0,D,29.0
Missouri2005,23.0,20.0,24.0,15.0,26.0,D,22.0
Maryland2005,24.0,32.0,17.0,14.0,30.0,D,23.0
South Dakota2005,25.0,22.5,4.0,19.0,38.0,D,22.0
Utah2005,26.0,49.0,3.0,2.0,6.0,D,17.0
Nebraska2005,27.0,45.0,29.0,35.0,28.0,D,33.0
Delaware2005,28.0,7.5,25.0,3.0,41.0,R,21.0
Iowa2005,29.0,5.0,30.0,39.0,35.0,D,28.0
Kansas2005,30.0,28.5,28.0,11.0,24.0,D,24.0
Indiana2005,31.0,16.0,36.0,16.0,23.0,D,24.0
Wyoming2005,32.0,42.0,9.0,13.0,32.0,D,26.0
Colorado2005,33.0,43.0,16.0,9.0,22.0,D,25.0
Montana2005,34.0,38.0,37.0,48.0,39.0,D,39.0
Minnesota2005,35.0,7.5,31.0,34.0,34.0,R,28.0
Wisconsin2005,36.0,2.0,15.0,26.0,36.0,R,23.0
Ohio2005,37.0,10.0,21.0,7.0,20.0,D,19.0
North Dakota2005,38.0,27.0,41.0,36.0,45.0,D,37.0
Pennsylvania2005,39.0,3.0,44.0,32.0,40.0,R,32.0
Illinois2005,40.0,28.5,18.0,12.0,10.0,R,22.0
New Jersey2005,41.0,14.5,20.0,5.0,31.0,R,22.0
New York2005,42.0,26.0,6.0,23.0,42.0,R,28.0
Massachusetts2005,43.0,18.0,8.0,8.0,44.0,R,24.0
Michigan2005,44.0,21.0,19.0,20.0,37.0,R,28.0
New Hampshire2005,45.0,12.0,22.0,41.0,48.0,R,34.0
Rhode Island2005,46.0,14.5,1.0,1.0,46.0,R,22.0
Vermont2005,47.0,6.0,2.0,4.0,49.0,R,22.0
Connecticut2005,48.0,12.0,10.0,10.0,47.0,R,25.0
Alaska2005,49.0,22.5,45.0,29.0,43.0,D,38.0
Maine2005,50.0,1.0,23.0,47.0,50.0,R,34.0
Hawaii2006,1.0,47.0,12.0,17.0,1.0,R,16.0
Florida2006,2.0,38.0,13.0,16.0,2.0,D,14.0
Arizona2006,3.0,46.0,11.0,21.0,3.0,D,17.0
South Carolina2006,4.0,39.5,47.0,44.0,14.0,D,30.0
Texas2006,5.0,36.5,48.0,33.0,6.0,D,26.0
Louisiana2006,6.0,34.5,44.0,36.0,5.0,D,25.0
Alabama2006,7.0,15.0,33.0,42.0,11.0,D,22.0
Mississippi2006,8.0,39.5,34.0,29.0,19.0,D,26.0
North Carolina2006,9.0,11.0,29.0,27.0,27.0,D,21.0
Tennessee2006,10.0,20.0,49.0,48.0,13.0,D,28.0
Georgia2006,11.0,18.0,25.0,31.0,9.0,D,19.0
Oregon2006,12.0,42.5,36.0,49.0,10.0,R,30.0
Arkansas2006,13.0,36.5,26.0,37.0,16.0,D,26.0
Kentucky2006,14.0,5.0,37.0,22.0,18.0,D,19.0
California2006,15.0,33.0,9.0,30.0,4.0,R,18.0
Washington2006,16.0,42.5,50.0,50.0,15.0,R,35.0
Virginia2006,17.0,16.5,42.0,40.0,32.0,D,30.0
Nevada2006,18.0,48.0,46.0,43.0,7.0,D,32.0
Oklahoma2006,19.0,29.0,40.0,23.0,17.0,D,26.0
Maryland2006,20.0,34.5,15.0,18.0,28.0,D,23.0
New Mexico2006,21.0,31.0,39.0,28.0,31.0,D,30.0
Missouri2006,22.0,25.0,24.0,8.0,24.0,D,21.0
Idaho2006,23.0,50.0,32.0,45.0,26.0,D,35.0
West Virginia2006,24.0,23.0,5.0,5.0,25.0,D,16.0
Delaware2006,25.0,23.0,22.0,4.0,38.0,R,22.0
Indiana2006,26.0,19.0,35.0,11.0,23.0,D,23.0
Kansas2006,27.0,30.0,27.0,15.0,21.0,D,24.0
South Dakota2006,28.0,28.0,4.0,20.0,40.0,D,24.0
Nebraska2006,29.0,41.0,31.0,35.0,29.0,D,33.0
Iowa2006,30.0,7.0,30.0,41.0,37.0,D,29.0
Utah2006,31.0,49.0,3.0,2.0,8.0,D,19.0
Ohio2006,32.0,10.0,21.0,7.0,22.0,D,18.0
Colorado2006,33.0,44.0,16.0,10.0,20.0,D,25.0
Wyoming2006,34.0,45.0,10.0,14.0,34.0,D,27.0
North Dakota2006,35.0,21.0,41.0,38.0,44.0,D,36.0
Minnesota2006,36.0,6.0,28.0,34.0,35.0,R,28.0
Wisconsin2006,37.0,2.0,14.0,26.0,36.0,R,23.0
Pennsylvania2006,38.0,4.0,43.0,32.0,41.0,R,32.0
New Jersey2006,39.0,32.0,19.0,6.0,30.0,R,25.0
Montana2006,40.0,1.0,38.0,47.0,42.0,D,34.0
New York2006,41.0,14.0,6.0,25.0,39.0,R,25.0
Illinois2006,42.0,23.0,18.0,9.0,12.0,R,21.0
Massachusetts2006,43.0,9.0,7.0,12.0,43.0,R,23.0
Michigan2006,44.0,26.0,17.0,19.0,33.0,R,28.0
New Hampshire2006,45.0,12.0,20.0,39.0,48.0,R,33.0
Rhode Island2006,46.0,13.0,1.0,1.0,45.0,R,21.0
Connecticut2006,47.0,16.5,8.0,13.0,47.0,R,26.0
Vermont2006,48.0,8.0,2.0,3.0,49.0,R,22.0
Maine2006,49.0,3.0,23.0,46.0,50.0,R,34.0
Alaska2006,50.0,27.0,45.0,24.0,46.0,D,38.0
Hawaii2007,1.0,47.0,11.0,18.0,1.0,R,16.0
Florida2007,2.0,38.0,12.0,17.0,2.0,D,14.0
Arizona2007,3.0,46.0,10.0,22.0,4.0,D,17.0
South Carolina2007,4.0,39.5,47.0,44.0,11.0,D,29.0
Louisiana2007,5.0,34.5,44.0,33.0,3.0,D,24.0
Alabama2007,6.0,15.0,28.0,41.0,12.0,D,20.0
Texas2007,7.0,36.5,48.0,35.0,8.0,D,27.0
Mississippi2007,8.0,39.5,33.0,29.0,17.0,D,25.0
North Carolina2007,9.0,11.0,29.0,24.0,27.0,D,20.0
Tennessee2007,10.0,20.0,49.0,48.0,13.0,D,28.0
Oregon2007,11.0,42.5,36.0,49.0,10.0,R,30.0
Georgia2007,12.0,18.0,25.0,30.0,9.0,D,19.0
Arkansas2007,13.0,36.5,27.0,38.0,16.0,D,26.0
California2007,14.0,33.0,7.0,25.0,5.0,R,17.0
Washington2007,15.0,42.5,50.0,50.0,14.0,R,34.0
Kentucky2007,16.0,5.0,38.0,23.0,18.0,D,20.0
Nevada2007,17.0,48.0,46.0,43.0,7.0,D,32.0
Virginia2007,18.0,16.5,43.0,40.0,30.0,D,30.0
West Virginia2007,19.0,23.0,5.0,4.0,20.0,D,14.0
Idaho2007,20.0,50.0,32.0,45.0,23.0,D,34.0
Oklahoma2007,21.0,29.0,40.0,32.0,22.0,D,29.0
New Mexico2007,22.0,31.0,41.0,31.0,28.0,D,31.0
Missouri2007,23.0,25.0,26.0,15.0,26.0,D,23.0
Delaware2007,24.0,23.0,22.0,5.0,37.0,R,22.0
Maryland2007,25.0,34.5,15.0,16.0,29.0,D,24.0
South Dakota2007,26.0,28.0,4.0,20.0,40.0,D,24.0
Utah2007,27.0,49.0,3.0,2.0,6.0,D,17.0
Kansas2007,28.0,30.0,31.0,19.0,24.0,D,26.0
Nebraska2007,29.0,41.0,35.0,36.0,32.0,D,35.0
Indiana2007,30.0,19.0,37.0,14.0,25.0,D,25.0
Iowa2007,31.0,7.0,34.0,42.0,36.0,D,30.0
Colorado2007,32.0,44.0,16.0,13.0,19.0,D,25.0
Ohio2007,33.0,10.0,23.0,7.0,21.0,D,19.0
Montana2007,34.0,1.0,39.0,47.0,42.0,D,33.0
Wisconsin2007,35.0,2.0,14.0,27.0,35.0,R,23.0
Wyoming2007,36.0,45.0,13.0,11.0,39.0,D,29.0
North Dakota2007,37.0,21.0,42.0,39.0,45.0,D,37.0
Minnesota2007,38.0,6.0,30.0,34.0,34.0,R,28.0
Pennsylvania2007,39.0,4.0,18.0,9.0,38.0,R,22.0
New Jersey2007,40.0,32.0,21.0,6.0,31.0,R,26.0
New York2007,41.0,14.0,6.0,26.0,41.0,R,26.0
Illinois2007,42.0,23.0,19.0,10.0,15.0,R,22.0
New Hampshire2007,43.0,12.0,20.0,37.0,48.0,R,32.0
Massachusetts2007,44.0,9.0,8.0,8.0,44.0,R,23.0
Michigan2007,45.0,26.0,17.0,21.0,33.0,R,28.0
Rhode Island2007,46.0,13.0,1.0,1.0,46.0,R,21.0
Connecticut2007,47.0,16.5,9.0,12.0,47.0,R,26.0
Vermont2007,48.0,8.0,2.0,3.0,49.0,R,22.0
Alaska2007,49.0,27.0,45.0,28.0,43.0,D,38.0
Maine2007,50.0,3.0,24.0,46.0,50.0,R,35.0
Florida2008,1.0,38.0,12.0,14.0,1.0,R,13.0
Hawaii2008,2.0,47.0,9.0,15.0,3.0,R,15.0
Arizona2008,3.0,46.0,11.0,22.0,4.0,D,17.0
South Carolina2008,4.0,39.5,47.0,44.0,12.0,D,29.0
Texas2008,5.0,36.5,48.0,39.0,7.0,D,27.0
Louisiana2008,6.0,34.5,45.0,30.0,2.0,D,24.0
Alabama2008,7.0,15.0,28.0,38.0,13.0,D,20.0
Mississippi2008,8.0,39.5,32.0,24.0,21.0,D,25.0
North Carolina2008,9.0,11.0,31.0,31.0,25.0,R,21.0
Tennessee2008,10.0,20.0,49.0,48.0,11.0,D,28.0
Georgia2008,11.0,18.0,22.0,29.0,9.0,D,18.0
Oregon2008,12.0,42.5,34.0,49.0,10.0,R,30.0
California2008,13.0,33.0,8.0,23.0,5.0,R,16.0
Arkansas2008,14.0,36.5,27.0,35.0,17.0,D,26.0
Washington2008,15.0,42.5,50.0,50.0,14.0,R,34.0
Kentucky2008,16.0,5.0,38.0,21.0,18.0,D,20.0
Nevada2008,17.0,48.0,46.0,42.0,8.0,R,32.0
Virginia2008,18.0,16.5,43.0,37.0,28.0,R,28.0
West Virginia2008,19.0,23.0,4.0,3.0,20.0,D,14.0
Maryland2008,20.0,34.5,15.0,12.0,27.0,R,22.0
Oklahoma2008,21.0,29.0,41.0,33.0,15.0,D,28.0
Delaware2008,22.0,23.0,23.0,6.0,35.0,R,22.0
New Mexico2008,23.0,31.0,39.0,32.0,24.0,R,30.0
Idaho2008,24.0,50.0,30.0,45.0,23.0,D,34.0
Missouri2008,25.0,25.0,26.0,16.0,30.0,D,24.0
Utah2008,26.0,49.0,2.0,1.0,6.0,D,17.0
South Dakota2008,27.0,28.0,3.0,17.0,41.0,D,23.0
Indiana2008,28.0,19.0,36.0,18.0,26.0,R,25.0
Kansas2008,29.0,30.0,29.0,26.0,29.0,D,29.0
Nebraska2008,30.0,41.0,37.0,40.0,34.0,D,36.0
Colorado2008,31.0,44.0,17.0,19.0,22.0,R,27.0
Ohio2008,32.0,10.0,24.0,9.0,19.0,R,19.0
Iowa2008,33.0,7.0,35.0,43.0,39.0,R,31.0
Wisconsin2008,34.0,2.0,13.0,28.0,36.0,R,23.0
New Jersey2008,35.0,32.0,21.0,5.0,31.0,R,25.0
New York2008,36.0,14.0,6.0,27.0,38.0,R,24.0
North Dakota2008,37.0,21.0,42.0,41.0,46.0,D,37.0
Minnesota2008,38.0,6.0,33.0,34.0,33.0,R,29.0
Wyoming2008,39.0,45.0,14.0,11.0,37.0,D,29.0
Montana2008,40.0,1.0,40.0,46.0,42.0,D,34.0
Pennsylvania2008,41.0,4.0,19.0,10.0,43.0,R,23.0
New Hampshire2008,42.0,12.0,18.0,36.0,48.0,R,31.0
Vermont2008,43.0,8.0,1.0,2.0,49.0,R,21.0
Rhode Island2008,44.0,13.0,5.0,4.0,45.0,R,22.0
Illinois2008,45.0,23.0,20.0,13.0,16.0,R,23.0
Michigan2008,46.0,26.0,16.0,20.0,32.0,R,28.0
Massachusetts2008,47.0,9.0,10.0,7.0,44.0,R,23.0
Connecticut2008,48.0,16.5,7.0,8.0,47.0,R,25.0
Maine2008,49.0,3.0,25.0,47.0,50.0,R,35.0
Alaska2008,50.0,27.0,44.0,25.0,40.0,D,37.0
Hawaii2009,1.0,47.0,9.0,14.0,2.0,R,15.0
Florida2009,2.0,38.0,12.0,16.0,1.0,R,14.0
Arizona2009,3.0,46.0,11.0,13.0,4.0,D,15.0
South Carolina2009,4.0,39.5,42.0,35.0,10.0,D,26.0
Texas2009,5.0,36.5,48.0,38.0,5.0,D,26.0
Louisiana2009,6.0,34.5,46.0,31.0,3.0,D,24.0
Alabama2009,7.0,15.0,28.0,41.0,13.0,D,21.0
North Carolina2009,8.0,11.0,30.0,32.0,24.0,R,21.0
Mississippi2009,9.0,39.5,33.0,23.0,22.0,D,25.0
Tennessee2009,10.0,20.0,49.0,49.0,12.0,D,28.0
Georgia2009,11.0,18.0,25.0,30.0,8.0,D,18.0
Arkansas2009,12.0,36.5,26.0,34.0,18.0,D,25.0
Oregon2009,13.0,42.5,34.0,48.0,11.0,R,30.0
California2009,14.0,33.0,7.0,21.0,6.0,R,16.0
Kentucky2009,15.0,5.0,38.0,24.0,21.0,D,21.0
Washington2009,16.0,42.5,50.0,50.0,15.0,R,35.0
Nevada2009,17.0,48.0,47.0,42.0,9.0,R,33.0
Virginia2009,18.0,16.5,44.0,37.0,26.0,R,28.0
West Virginia2009,19.0,23.0,4.0,6.0,17.0,D,14.0
Oklahoma2009,20.0,29.0,41.0,33.0,16.0,D,28.0
New Mexico2009,21.0,31.0,39.0,29.0,28.0,R,30.0
Idaho2009,22.0,50.0,29.0,45.0,23.0,D,34.0
Delaware2009,23.0,23.0,21.0,4.0,38.0,R,22.0
Maryland2009,24.0,34.5,16.0,11.0,31.0,R,23.0
Missouri2009,25.0,25.0,27.0,18.0,27.0,D,24.0
Indiana2009,26.0,19.0,35.0,20.0,25.0,R,25.0
Utah2009,27.0,49.0,2.0,1.0,7.0,D,17.0
South Dakota2009,28.0,28.0,3.0,22.0,41.0,D,24.0
Nebraska2009,29.0,41.0,36.0,40.0,33.0,D,36.0
Colorado2009,30.0,44.0,19.0,17.0,19.0,R,26.0
Iowa2009,31.0,7.0,37.0,44.0,40.0,R,32.0
Pennsylvania2009,32.0,4.0,17.0,10.0,37.0,R,20.0
Kansas2009,33.0,30.0,31.0,28.0,29.0,D,30.0
Ohio2009,34.0,10.0,24.0,7.0,20.0,R,19.0
Wyoming2009,35.0,45.0,14.0,19.0,39.0,D,30.0
Wisconsin2009,36.0,2.0,13.0,26.0,35.0,R,22.0
North Dakota2009,37.0,21.0,43.0,43.0,45.0,D,38.0
New York2009,38.0,14.0,6.0,25.0,36.0,R,24.0
Minnesota2009,39.0,6.0,32.0,36.0,34.0,R,29.0
New Jersey2009,40.0,32.0,20.0,5.0,30.0,R,25.0
Montana2009,41.0,1.0,40.0,47.0,44.0,D,35.0
New Hampshire2009,42.0,12.0,22.0,39.0,48.0,R,33.0
Illinois2009,43.0,23.0,18.0,12.0,14.0,R,22.0
Michigan2009,44.0,26.0,15.0,15.0,32.0,R,26.0
Massachusetts2009,45.0,9.0,10.0,8.0,43.0,R,23.0
Maine2009,46.0,3.0,23.0,46.0,49.0,R,33.0
Rhode Island2009,47.0,13.0,5.0,3.0,46.0,R,23.0
Connecticut2009,48.0,16.5,8.0,9.0,47.0,R,26.0
Vermont2009,49.0,8.0,1.0,2.0,50.0,R,22.0
Alaska2009,50.0,27.0,45.0,27.0,42.0,D,38.0
Hawaii2010,1.0,47.0,9.0,11.0,4.0,R,14.0
Florida2010,2.0,38.0,11.0,16.0,1.0,R,14.0
Arizona2010,3.0,46.0,8.0,14.0,5.0,D,15.0
South Carolina2010,4.0,39.5,42.0,35.0,11.0,D,26.0
Texas2010,5.0,36.5,48.0,39.0,6.0,D,27.0
Louisiana2010,6.0,34.5,47.0,29.0,2.0,D,24.0
Alabama2010,7.0,15.0,27.0,38.0,13.0,D,20.0
Oregon2010,8.0,42.5,29.0,47.0,9.0,R,27.0
North Carolina2010,9.0,11.0,32.0,30.0,30.0,R,22.0
Mississippi2010,10.0,39.5,33.0,26.0,22.0,D,26.0
Tennessee2010,11.0,20.0,49.0,49.0,12.0,D,28.0
Washington2010,12.0,42.5,50.0,50.0,14.0,R,34.0
California2010,13.0,33.0,6.0,21.0,7.0,R,16.0
Arkansas2010,14.0,36.5,26.0,33.0,16.0,D,25.0
Kentucky2010,15.0,5.0,38.0,19.0,21.0,D,20.0
Georgia2010,16.0,18.0,24.0,28.0,10.0,D,19.0
Virginia2010,17.0,16.5,44.0,34.0,29.0,R,28.0
Nevada2010,18.0,48.0,45.0,40.0,8.0,R,32.0
Idaho2010,19.0,50.0,28.0,42.0,23.0,D,32.0
West Virginia2010,20.0,23.0,3.0,4.0,19.0,D,14.0
Oklahoma2010,21.0,29.0,41.0,32.0,17.0,D,28.0
Delaware2010,22.0,23.0,16.0,5.0,41.0,R,21.0
New Mexico2010,23.0,31.0,36.0,31.0,26.0,R,29.0
Maryland2010,24.0,34.5,15.0,10.0,31.0,R,23.0
Missouri2010,25.0,25.0,25.0,18.0,28.0,D,24.0
Indiana2010,26.0,19.0,34.0,22.0,24.0,R,25.0
South Dakota2010,27.0,28.0,40.0,48.0,40.0,D,37.0
Utah2010,28.0,49.0,2.0,1.0,3.0,D,17.0
Iowa2010,29.0,7.0,37.0,43.0,37.0,R,31.0
Kansas2010,30.0,30.0,30.0,27.0,27.0,D,29.0
Nebraska2010,31.0,41.0,39.0,41.0,34.0,D,37.0
North Dakota2010,32.0,21.0,43.0,44.0,45.0,D,37.0
Wisconsin2010,33.0,2.0,12.0,24.0,35.0,R,21.0
Ohio2010,34.0,10.0,23.0,7.0,18.0,R,18.0
Colorado2010,35.0,44.0,21.0,17.0,20.0,R,27.0
Minnesota2010,36.0,6.0,31.0,36.0,33.0,R,28.0
Pennsylvania2010,37.0,4.0,18.0,12.0,39.0,R,22.0
Wyoming2010,38.0,45.0,13.0,23.0,38.0,D,31.0
Montana2010,39.0,1.0,35.0,46.0,42.0,D,33.0
New York2010,40.0,14.0,5.0,20.0,36.0,R,23.0
New Jersey2010,41.0,32.0,20.0,6.0,25.0,R,25.0
New Hampshire2010,42.0,12.0,17.0,37.0,48.0,R,31.0
Illinois2010,43.0,23.0,19.0,13.0,15.0,R,23.0
Michigan2010,44.0,26.0,14.0,15.0,32.0,R,26.0
Maine2010,45.0,3.0,22.0,45.0,49.0,R,33.0
Massachusetts2010,46.0,9.0,10.0,9.0,44.0,R,24.0
Vermont2010,47.0,8.0,1.0,2.0,50.0,R,22.0
Rhode Island2010,48.0,13.0,4.0,3.0,46.0,R,23.0
Connecticut2010,49.0,16.5,7.0,8.0,47.0,R,26.0
Alaska2010,50.0,27.0,46.0,25.0,43.0,D,38.0
Florida2011,1.0,29.5,11.0,14.0,1.0,R,11.0
Hawaii2011,2.0,49.0,10.0,11.0,3.0,R,15.0
Arizona2011,3.0,28.0,8.0,17.0,7.0,D,13.0
South Carolina2011,4.0,34.0,43.0,35.0,11.0,D,25.0
Texas2011,5.0,47.0,49.0,41.0,4.0,D,29.0
Alabama2011,6.0,8.0,27.0,39.0,12.0,D,18.0
Louisiana2011,7.0,26.0,48.0,28.0,2.0,D,22.0
North Carolina2011,8.0,21.5,29.0,27.0,23.0,R,22.0
Mississippi2011,9.0,12.0,33.0,25.0,19.0,D,20.0
Tennessee2011,10.0,42.0,40.0,36.0,13.0,D,28.0
Georgia2011,11.0,50.0,23.0,26.0,8.0,D,24.0
Arkansas2011,12.0,33.0,26.0,33.0,14.0,D,24.0
Oregon2011,13.0,6.0,32.0,48.0,10.0,R,22.0
Virginia2011,14.0,44.0,45.0,34.0,30.0,R,33.0
California2011,15.0,38.0,7.0,24.0,6.0,R,18.0
Kentucky2011,16.0,36.5,35.0,18.0,22.0,D,26.0
Washington2011,17.0,2.0,50.0,50.0,16.0,R,27.0
Nevada2011,18.0,19.0,46.0,40.0,9.0,R,26.0
West Virginia2011,19.0,3.0,3.0,4.0,18.0,D,9.0
Delaware2011,20.0,46.0,21.0,5.0,37.0,R,26.0
Oklahoma2011,21.0,39.5,41.0,32.0,17.0,D,30.0
Maryland2011,22.0,14.0,13.0,10.0,31.0,R,18.0
New Mexico2011,23.0,31.0,38.0,30.0,25.0,R,29.0
Missouri2011,24.0,36.5,25.0,16.0,27.0,D,26.0
Idaho2011,25.0,21.5,28.0,45.0,29.0,D,30.0
South Dakota2011,26.0,13.0,42.0,49.0,40.0,D,34.0
Indiana2011,27.0,35.0,34.0,22.0,26.0,R,29.0
Nebraska2011,28.0,48.0,39.0,42.0,33.0,D,38.0
Utah2011,29.0,21.5,2.0,1.0,5.0,D,12.0
Kansas2011,30.0,5.0,30.0,29.0,28.0,D,24.0
Iowa2011,31.0,25.0,37.0,43.0,39.0,R,35.0
North Dakota2011,32.0,9.0,44.0,46.0,45.0,D,35.0
Pennsylvania2011,33.0,10.0,18.0,13.0,38.0,R,22.0
Colorado2011,34.0,11.0,17.0,19.0,21.0,R,20.0
Ohio2011,35.0,4.0,24.0,8.0,20.0,R,18.0
Wisconsin2011,36.0,43.0,12.0,23.0,36.0,R,30.0
Minnesota2011,37.0,7.0,31.0,37.0,34.0,R,29.0
New Jersey2011,38.0,45.0,20.0,6.0,24.0,R,27.0
New York2011,39.0,17.0,5.0,20.0,35.0,R,23.0
Montana2011,40.0,32.0,36.0,47.0,43.0,D,40.0
New Hampshire2011,41.0,15.5,16.0,38.0,48.0,R,32.0
Wyoming2011,42.0,41.0,15.0,31.0,41.0,D,34.0
Illinois2011,43.0,29.5,19.0,12.0,15.0,R,24.0
Michigan2011,44.0,39.5,14.0,15.0,32.0,R,29.0
Rhode Island2011,45.0,15.5,4.0,3.0,46.0,R,23.0
Connecticut2011,46.0,24.0,6.0,7.0,47.0,R,26.0
Maine2011,47.0,27.0,22.0,44.0,50.0,R,38.0
Massachusetts2011,48.0,21.5,9.0,9.0,44.0,R,26.0
Vermont2011,49.0,18.0,1.0,2.0,49.0,R,24.0
Alaska2011,50.0,1.0,47.0,21.0,42.0,D,32.0
Florida2012,1.0,29.5,11.0,13.0,1.0,D,11.0
Hawaii2012,2.0,49.0,10.0,14.0,12.0,D,17.0
South Carolina2012,3.0,34.0,43.0,37.0,10.0,R,25.0
Arizona2012,4.0,28.0,8.0,17.0,3.0,R,12.0
Alabama2012,5.0,8.0,27.0,39.0,11.0,R,18.0
Louisiana2012,6.0,26.0,48.0,26.0,2.0,R,22.0
Texas2012,7.0,47.0,49.0,36.0,4.0,R,29.0
North Carolina2012,8.0,21.5,28.0,27.0,22.0,R,21.0
Mississippi2012,9.0,12.0,33.0,30.0,19.0,R,21.0
Tennessee2012,10.0,42.0,39.0,34.0,8.0,R,27.0
Arkansas2012,11.0,33.0,26.0,32.0,14.0,R,23.0
Georgia2012,12.0,50.0,21.0,24.0,13.0,R,24.0
Kentucky2012,13.0,36.5,35.0,18.0,18.0,R,24.0
Virginia2012,14.0,44.0,44.0,33.0,26.0,D,32.0
Oregon2012,15.0,6.0,31.0,49.0,9.0,D,22.0
California2012,16.0,38.0,7.0,19.0,6.0,D,17.0
Washington2012,17.0,2.0,50.0,50.0,15.0,D,27.0
Oklahoma2012,18.0,39.5,41.0,35.0,17.0,R,30.0
Nevada2012,19.0,19.0,45.0,41.0,7.0,D,26.0
West Virginia2012,20.0,3.0,3.0,5.0,21.0,R,10.0
Delaware2012,21.0,46.0,23.0,4.0,36.0,D,26.0
Missouri2012,22.0,36.5,25.0,12.0,24.0,R,24.0
Maryland2012,23.0,14.0,13.0,10.0,31.0,D,18.0
Idaho2012,24.0,21.5,29.0,43.0,30.0,R,30.0
New Mexico2012,25.0,31.0,38.0,29.0,29.0,D,30.0
Indiana2012,26.0,35.0,34.0,23.0,23.0,R,28.0
South Dakota2012,27.0,13.0,42.0,48.0,41.0,R,34.0
Kansas2012,28.0,5.0,30.0,31.0,28.0,R,24.0
Nebraska2012,29.0,48.0,40.0,42.0,33.0,R,38.0
Iowa2012,30.0,25.0,36.0,44.0,38.0,D,35.0
Utah2012,31.0,21.5,2.0,1.0,5.0,R,12.0
North Dakota2012,32.0,9.0,46.0,46.0,45.0,R,36.0
Ohio2012,33.0,4.0,24.0,9.0,20.0,D,18.0
Wisconsin2012,34.0,43.0,12.0,22.0,35.0,D,29.0
Pennsylvania2012,35.0,10.0,19.0,11.0,39.0,D,23.0
Colorado2012,36.0,11.0,17.0,21.0,25.0,D,22.0
Minnesota2012,37.0,7.0,32.0,40.0,34.0,D,30.0
Wyoming2012,38.0,41.0,16.0,28.0,37.0,R,32.0
New Jersey2012,39.0,45.0,18.0,6.0,27.0,D,27.0
New Hampshire2012,40.0,15.5,15.0,38.0,48.0,D,31.0
Montana2012,41.0,32.0,37.0,47.0,42.0,R,40.0
New York2012,42.0,17.0,5.0,20.0,40.0,D,25.0
Illinois2012,43.0,29.5,20.0,15.0,16.0,D,25.0
Maine2012,44.0,27.0,22.0,45.0,49.0,D,37.0
Michigan2012,45.0,39.5,14.0,16.0,32.0,D,29.0
Vermont2012,46.0,18.0,1.0,2.0,50.0,D,23.0
Massachusetts2012,47.0,21.5,9.0,8.0,43.0,D,26.0
Connecticut2012,48.0,24.0,6.0,7.0,47.0,D,26.0
Rhode Island2012,49.0,15.5,4.0,3.0,46.0,D,24.0
Alaska2012,50.0,1.0,47.0,25.0,44.0,R,33.0
Florida2013,1.0,29.5,9.0,10.0,1.0,D,10.0
Hawaii2013,2.0,49.0,8.0,15.0,3.0,D,15.0
Arizona2013,3.0,28.0,7.0,13.0,4.0,R,11.0
South Carolina2013,4.0,34.0,41.0,35.0,10.0,R,25.0
Alabama2013,5.0,8.0,27.0,40.0,13.0,R,19.0
Texas2013,6.0,47.0,49.0,32.0,6.0,R,28.0
Louisiana2013,7.0,26.0,48.0,28.0,2.0,R,22.0
North Carolina2013,8.0,21.5,26.0,30.0,21.0,R,21.0
Mississippi2013,9.0,12.0,32.0,24.0,17.0,R,19.0
Tennessee2013,10.0,42.0,38.0,37.0,9.0,R,27.0
Georgia2013,11.0,50.0,18.0,27.0,8.0,R,23.0
Oregon2013,12.0,6.0,29.0,49.0,12.0,D,22.0
California2013,13.0,38.0,4.0,18.0,5.0,D,16.0
Arkansas2013,14.0,33.0,25.0,31.0,16.0,R,24.0
Washington2013,15.0,2.0,50.0,50.0,14.0,D,26.0
Kentucky2013,16.0,36.5,33.0,17.0,15.0,R,24.0
Virginia2013,17.0,44.0,45.0,33.0,26.0,D,33.0
Nevada2013,18.0,19.0,43.0,42.0,11.0,D,27.0
Delaware2013,19.0,46.0,19.0,3.0,36.0,D,25.0
West Virginia2013,20.0,3.0,2.0,4.0,27.0,R,11.0
Maryland2013,21.0,14.0,12.0,9.0,30.0,D,17.0
Oklahoma2013,22.0,39.5,40.0,38.0,19.0,R,32.0
New Mexico2013,23.0,31.0,35.0,29.0,29.0,D,29.0
Missouri2013,24.0,36.5,24.0,12.0,25.0,R,24.0
Idaho2013,25.0,21.5,28.0,43.0,31.0,R,30.0
South Dakota2013,26.0,13.0,42.0,48.0,41.0,R,34.0
Indiana2013,27.0,35.0,34.0,22.0,22.0,R,28.0
Utah2013,28.0,21.5,44.0,20.0,7.0,R,24.0
Nebraska2013,29.0,48.0,39.0,41.0,32.0,R,38.0
Kansas2013,30.0,5.0,30.0,34.0,28.0,R,25.0
North Dakota2013,31.0,9.0,47.0,46.0,45.0,R,36.0
Iowa2013,32.0,25.0,37.0,45.0,40.0,D,36.0
Wyoming2013,33.0,41.0,13.0,26.0,38.0,R,30.0
Colorado2013,34.0,11.0,15.0,23.0,24.0,D,21.0
Pennsylvania2013,35.0,10.0,21.0,11.0,39.0,D,23.0
Ohio2013,36.0,4.0,23.0,8.0,18.0,D,18.0
Montana2013,37.0,32.0,36.0,47.0,42.0,R,39.0
New York2013,38.0,17.0,3.0,19.0,35.0,D,22.0
New Jersey2013,39.0,45.0,16.0,5.0,23.0,D,26.0
Minnesota2013,40.0,7.0,31.0,36.0,34.0,D,30.0
Wisconsin2013,41.0,43.0,11.0,21.0,37.0,D,31.0
New Hampshire2013,42.0,15.5,17.0,39.0,48.0,D,32.0
Maine2013,43.0,27.0,22.0,44.0,49.0,D,37.0
Massachusetts2013,44.0,21.5,10.0,7.0,44.0,D,25.0
Connecticut2013,45.0,24.0,6.0,6.0,47.0,D,26.0
Illinois2013,46.0,29.5,20.0,14.0,20.0,D,26.0
Vermont2013,47.0,18.0,1.0,1.0,50.0,D,23.0
Michigan2013,48.0,39.5,14.0,16.0,33.0,D,30.0
Rhode Island2013,49.0,15.5,5.0,2.0,46.0,D,24.0
Alaska2013,50.0,1.0,46.0,25.0,43.0,R,33.0
Florida2014,1.0,29.5,9.0,10.0,1.0,D,10.0
Hawaii2014,2.0,49.0,7.0,15.0,4.0,D,15.0
Arizona2014,3.0,28.0,8.0,14.0,5.0,R,12.0
South Carolina2014,4.0,34.0,41.0,34.0,12.0,R,25.0
Alabama2014,5.0,8.0,29.0,38.0,11.0,R,18.0
Texas2014,6.0,47.0,49.0,35.0,7.0,R,29.0
Louisiana2014,7.0,26.0,47.0,31.0,2.0,R,23.0
North Carolina2014,8.0,21.5,28.0,27.0,23.0,R,22.0
California2014,9.0,38.0,3.0,18.0,3.0,D,14.0
Oregon2014,10.0,6.0,27.0,48.0,10.0,D,20.0
Mississippi2014,11.0,12.0,33.0,24.0,21.0,R,20.0
Washington2014,12.0,2.0,50.0,50.0,14.0,D,26.0
Tennessee2014,13.0,42.0,39.0,33.0,13.0,R,28.0
Nevada2014,14.0,19.0,45.0,41.0,8.0,D,25.0
Georgia2014,15.0,50.0,19.0,28.0,9.0,R,24.0
Arkansas2014,16.0,33.0,25.0,32.0,16.0,R,24.0
Virginia2014,17.0,44.0,37.0,30.0,27.0,D,31.0
Kentucky2014,18.0,36.5,32.0,17.0,18.0,R,24.0
Idaho2014,19.0,21.5,26.0,43.0,26.0,R,27.0
New Mexico2014,20.0,31.0,35.0,29.0,25.0,D,28.0
West Virginia2014,21.0,3.0,2.0,4.0,19.0,R,10.0
Delaware2014,22.0,46.0,18.0,3.0,39.0,D,26.0
Oklahoma2014,23.0,39.5,42.0,37.0,17.0,R,32.0
Maryland2014,24.0,14.0,12.0,9.0,31.0,D,18.0
Missouri2014,25.0,36.5,24.0,12.0,28.0,R,25.0
Utah2014,26.0,21.5,44.0,23.0,6.0,R,24.0
South Dakota2014,27.0,13.0,43.0,49.0,38.0,R,34.0
Indiana2014,28.0,35.0,34.0,21.0,24.0,R,28.0
Nebraska2014,29.0,48.0,40.0,42.0,32.0,R,38.0
Colorado2014,30.0,11.0,14.0,22.0,22.0,D,20.0
North Dakota2014,31.0,9.0,48.0,46.0,44.0,R,36.0
Kansas2014,32.0,5.0,30.0,36.0,30.0,R,27.0
Wyoming2014,33.0,41.0,13.0,26.0,36.0,R,30.0
Montana2014,34.0,32.0,36.0,47.0,43.0,R,38.0
Iowa2014,35.0,25.0,38.0,45.0,40.0,D,37.0
Ohio2014,36.0,4.0,23.0,8.0,20.0,D,18.0
Pennsylvania2014,37.0,10.0,22.0,11.0,41.0,D,24.0
Wisconsin2014,38.0,43.0,11.0,20.0,35.0,D,29.0
New York2014,39.0,17.0,5.0,19.0,37.0,D,23.0
Minnesota2014,40.0,7.0,31.0,39.0,34.0,D,30.0
New Jersey2014,41.0,45.0,17.0,5.0,29.0,D,27.0
Maine2014,42.0,27.0,21.0,44.0,48.0,D,36.0
Massachusetts2014,43.0,21.5,10.0,7.0,45.0,D,25.0
New Hampshire2014,44.0,15.5,16.0,40.0,49.0,D,33.0
Alaska2014,45.0,1.0,46.0,25.0,42.0,R,32.0
Connecticut2014,46.0,24.0,4.0,6.0,47.0,D,25.0
Illinois2014,47.0,29.5,20.0,13.0,15.0,D,25.0
Rhode Island2014,48.0,15.5,6.0,2.0,46.0,D,24.0
Michigan2014,49.0,39.5,15.0,16.0,33.0,D,30.0
Vermont2014,50.0,18.0,1.0,1.0,50.0,D,24.0
