State,Year,Population,MSN,Reading,Per capita consumption
AK,1970,302583,PARCP,1432,0.004732586
AK,1971,316000,PARCP,1869,0.005914557
AK,1972,326000,PARCP,1487,0.00456135
AK,1973,333000,PARCP,1817,0.005456456
AK,1974,345000,PARCP,1856,0.00537971
AK,1975,371000,PARCP,1758,0.004738544
AK,1976,393000,PARCP,2097,0.005335878
AK,1977,397000,PARCP,2337,0.00588665
AK,1978,402000,PARCP,2767,0.006883085
AK,1979,403000,PARCP,1765,0.004379653
AK,1980,401851,PARCP,1211,0.003013555
AK,1981,418491,PARCP,937,0.002238997
AK,1982,449606,PARCP,1170,0.002602278
AK,1983,488417,PARCP,1268,0.002596142
AK,1984,513702,PARCP,1505,0.002929714
AK,1985,532495,PARCP,1402,0.002632889
AK,1986,544268,PARCP,1183,0.002173562
AK,1987,539309,PARCP,1473,0.002731273
AK,1988,541983,PARCP,1311,0.002418895
AK,1989,547159,PARCP,1669,0.003050302
AK,1990,553290,PARCP,1759,0.003179165
AK,1991,570193,PARCP,1812,0.003177871
AK,1992,588736,PARCP,2044,0.003471845
AK,1993,599432,PARCP,2023,0.003374862
AK,1994,603308,PARCP,2052,0.003401248
AK,1995,604412,PARCP,2129,0.003522432
AK,1996,608569,PARCP,2057,0.00338006
AK,1997,612968,PARCP,1931,0.003150246
AK,1998,619932,PARCP,1738,0.002803533
AK,1999,624779,PARCP,2191,0.00350684
AK,2000,627963,PARCP,1870,0.002977882
AK,2001,633714,PARCP,1982,0.003127594
AK,2002,642337,PARCP,1631,0.002539166
AK,2003,648414,PARCP,1636,0.002523079
AK,2004,659286,PARCP,1797,0.002725676
AK,2005,666946,PARCP,1808,0.002710864
AK,2006,675302,PARCP,2346,0.003474001
AK,2007,680300,PARCP,1725,0.002535646
AK,2008,687455,PARCP,1581,0.002299787
AK,2009,698895,PARCP,1697,0.002428119
AK,2010,714031,PARCP,1673,0.002343036
AK,2011,722713,PARCP,1547,0.002140545
AK,2012,731089,PARCP,1496,0.002046262
AK,2013,736879,PARCP,1302,0.001766912
AK,2014,736705,PARCP,1256,0.001704889
AK,2015,737709,PARCP,1443,0.001956056
AK,2016,741894,PARCP,,
AL,1970,3444354,PARCP,4456,0.001293711
AL,1971,3497000,PARCP,4674,0.001336574
AL,1972,3540000,PARCP,5080,0.001435028
AL,1973,3581000,PARCP,4798,0.001339849
AL,1974,3628000,PARCP,3850,0.001061191
AL,1975,3680000,PARCP,3539,0.000961685
AL,1976,3737000,PARCP,4039,0.001080813
AL,1977,3783000,PARCP,4320,0.001141951
AL,1978,3834000,PARCP,3594,0.000937402
AL,1979,3869000,PARCP,2247,0.00058077
AL,1980,3893888,PARCP,2413,0.000619689
AL,1981,3918531,PARCP,2484,0.000633911
AL,1982,3925266,PARCP,2539,0.000646835
AL,1983,3934102,PARCP,2966,0.00075392
AL,1984,3951820,PARCP,1829,0.000462825
AL,1985,3972523,PARCP,1872,0.000471237
AL,1986,3991569,PARCP,2125,0.000532372
AL,1987,4015264,PARCP,2489,0.000619885
AL,1988,4023844,PARCP,2515,0.000625024
AL,1989,4030222,PARCP,2688,0.000666961
AL,1990,4050055,PARCP,2342,0.000578264
AL,1991,4099156,PARCP,2041,0.000497907
AL,1992,4154014,PARCP,1921,0.000462444
AL,1993,4214202,PARCP,2489,0.000590622
AL,1994,4260229,PARCP,2421,0.000568279
AL,1995,4296800,PARCP,2500,0.000581828
AL,1996,4331102,PARCP,2559,0.000590843
AL,1997,4367935,PARCP,2656,0.000608068
AL,1998,4404701,PARCP,2250,0.000510818
AL,1999,4430141,PARCP,4022,0.000907872
AL,2000,4452173,PARCP,4247,0.000953916
AL,2001,4467634,PARCP,3454,0.000773116
AL,2002,4480089,PARCP,2926,0.000653112
AL,2003,4503491,PARCP,2235,0.000496282
AL,2004,4530729,PARCP,2441,0.000538765
AL,2005,4569805,PARCP,1704,0.000372882
AL,2006,4628981,PARCP,1723,0.00037222
AL,2007,4672840,PARCP,1823,0.000390127
AL,2008,4718206,PARCP,1988,0.000421347
AL,2009,4757938,PARCP,2139,0.000449564
AL,2010,4785492,PARCP,2355,0.000492112
AL,2011,4799918,PARCP,1535,0.000319797
AL,2012,4815960,PARCP,1134,0.000235467
AL,2013,4829479,PARCP,1258,0.000260484
AL,2014,4843214,PARCP,1237,0.000255409
AL,2015,4853875,PARCP,1352,0.00027854
AL,2016,4863300,PARCP,,
AR,1970,1923322,PARCP,6491,0.00337489
AR,1971,1972000,PARCP,6844,0.003470588
AR,1972,2018000,PARCP,7477,0.003705154
AR,1973,2058000,PARCP,6890,0.003347911
AR,1974,2100000,PARCP,6096,0.002902857
AR,1975,2158000,PARCP,5233,0.00242493
AR,1976,2169000,PARCP,5539,0.002553711
AR,1977,2207000,PARCP,5466,0.002476665
AR,1978,2241000,PARCP,3998,0.001784025
AR,1979,2269000,PARCP,3170,0.001397091
AR,1980,2286435,PARCP,2203,0.000963509
AR,1981,2293201,PARCP,1727,0.000753096
AR,1982,2294257,PARCP,1648,0.000718315
AR,1983,2305761,PARCP,2767,0.001200038
AR,1984,2319768,PARCP,1817,0.000783268
AR,1985,2327046,PARCP,2026,0.000870632
AR,1986,2331984,PARCP,2228,0.00095541
AR,1987,2342355,PARCP,1859,0.000793646
AR,1988,2342656,PARCP,1824,0.000778603
AR,1989,2346358,PARCP,1985,0.000845992
AR,1990,2356586,PARCP,1792,0.000760422
AR,1991,2383144,PARCP,1617,0.000678515
AR,1992,2415984,PARCP,1452,0.000600997
AR,1993,2456303,PARCP,1646,0.000670113
AR,1994,2494019,PARCP,1605,0.00064354
AR,1995,2535399,PARCP,1450,0.000571902
AR,1996,2572109,PARCP,1440,0.000559852
AR,1997,2601090,PARCP,1530,0.000588215
AR,1998,2626289,PARCP,1135,0.000432169
AR,1999,2651860,PARCP,2936,0.001107147
AR,2000,2678588,PARCP,2598,0.000969914
AR,2001,2691571,PARCP,2729,0.001013906
AR,2002,2705927,PARCP,2051,0.000757966
AR,2003,2724816,PARCP,1701,0.000624262
AR,2004,2749686,PARCP,1625,0.000590977
AR,2005,2781097,PARCP,1476,0.000530726
AR,2006,2821761,PARCP,1453,0.000514927
AR,2007,2848650,PARCP,1426,0.000500588
AR,2008,2874554,PARCP,1801,0.000626532
AR,2009,2896843,PARCP,1778,0.000613772
AR,2010,2921995,PARCP,1592,0.000544833
AR,2011,2939493,PARCP,1314,0.000447016
AR,2012,2950685,PARCP,1016,0.000344327
AR,2013,2958663,PARCP,1352,0.000456963
AR,2014,2966912,PARCP,1229,0.000414235
AR,2015,2977853,PARCP,1044,0.000350588
AR,2016,2988248,PARCP,,
AZ,1970,1775399,PARCP,915,0.000515377
AZ,1971,1896000,PARCP,928,0.000489451
AZ,1972,2009000,PARCP,1019,0.000507218
AZ,1973,2125000,PARCP,1010,0.000475294
AZ,1974,2224000,PARCP,1038,0.000466727
AZ,1975,2286000,PARCP,777,0.000339895
AZ,1976,2348000,PARCP,766,0.000326235
AZ,1977,2427000,PARCP,888,0.000365884
AZ,1978,2518000,PARCP,986,0.000391581
AZ,1979,2639000,PARCP,1095,0.00041493
AZ,1980,2718215,PARCP,588,0.000216318
AZ,1981,2810107,PARCP,566,0.000201416
AZ,1982,2889861,PARCP,714,0.000247071
AZ,1983,2968925,PARCP,823,0.000277205
AZ,1984,3067135,PARCP,652,0.000212576
AZ,1985,3183538,PARCP,868,0.000272653
AZ,1986,3308262,PARCP,832,0.000251492
AZ,1987,3437103,PARCP,1002,0.000291525
AZ,1988,3535183,PARCP,773,0.000218659
AZ,1989,3622185,PARCP,741,0.000204573
AZ,1990,3684097,PARCP,698,0.000189463
AZ,1991,3788576,PARCP,783,0.000206674
AZ,1992,3915740,PARCP,845,0.000215796
AZ,1993,4065440,PARCP,746,0.000183498
AZ,1994,4245089,PARCP,760,0.00017903
AZ,1995,4432499,PARCP,874,0.00019718
AZ,1996,4586940,PARCP,712,0.000155223
AZ,1997,4736990,PARCP,651,0.000137429
AZ,1998,4883342,PARCP,924,0.000189215
AZ,1999,5023823,PARCP,1275,0.000253791
AZ,2000,5160586,PARCP,1120,0.00021703
AZ,2001,5273477,PARCP,1060,0.000201006
AZ,2002,5396255,PARCP,1080,0.000200139
AZ,2003,5510364,PARCP,863,0.000156614
AZ,2004,5652404,PARCP,745,0.000131802
AZ,2005,5839077,PARCP,778,0.00013324
AZ,2006,6029141,PARCP,841,0.000139489
AZ,2007,6167681,PARCP,786,0.000127438
AZ,2008,6280362,PARCP,1349,0.000214797
AZ,2009,6343154,PARCP,1274,0.000200846
AZ,2010,6408312,PARCP,1196,0.000186633
AZ,2011,6467163,PARCP,1368,0.00021153
AZ,2012,6549634,PARCP,829,0.000126572
AZ,2013,6624617,PARCP,1052,0.000158802
AZ,2014,6719993,PARCP,1006,0.000149703
AZ,2015,6817565,PARCP,864,0.000126731
AZ,2016,6931071,PARCP,,
CA,1970,19971071,PARCP,5182,0.000259475
CA,1971,20346000,PARCP,5488,0.000269734
CA,1972,20585000,PARCP,4886,0.000237357
CA,1973,20868000,PARCP,4667,0.000223644
CA,1974,21173000,PARCP,4267,0.00020153
CA,1975,21537000,PARCP,3071,0.000142592
CA,1976,21934000,PARCP,3037,0.000138461
CA,1977,22350000,PARCP,3063,0.000137047
CA,1978,22839000,PARCP,4496,0.000196856
CA,1979,23255000,PARCP,5524,0.00023754
CA,1980,23667902,PARCP,4413,0.000186455
CA,1981,24285933,PARCP,3982,0.000163963
CA,1982,24820009,PARCP,3968,0.000159871
CA,1983,25360026,PARCP,4764,0.000187855
CA,1984,25844393,PARCP,4097,0.000158526
CA,1985,26441109,PARCP,4893,0.000185053
CA,1986,27102237,PARCP,4024,0.000148475
CA,1987,27777158,PARCP,4915,0.000176944
CA,1988,28464249,PARCP,5382,0.000189079
CA,1989,29218164,PARCP,5832,0.000199602
CA,1990,29959515,PARCP,5316,0.000177439
CA,1991,30470736,PARCP,6355,0.000208561
CA,1992,30974659,PARCP,4459,0.000143956
CA,1993,31274928,PARCP,4698,0.000150216
CA,1994,31484435,PARCP,4626,0.00014693
CA,1995,31696582,PARCP,4525,0.00014276
CA,1996,32018834,PARCP,3817,0.000119211
CA,1997,32486010,PARCP,3515,0.0001082
CA,1998,32987675,PARCP,5731,0.000173732
CA,1999,33499204,PARCP,5350,0.000159705
CA,2000,33987977,PARCP,5179,0.000152377
CA,2001,34479458,PARCP,3840,0.000111371
CA,2002,34871843,PARCP,4084,0.000117115
CA,2003,35253159,PARCP,5651,0.000160298
CA,2004,35574576,PARCP,6896,0.000193846
CA,2005,35827943,PARCP,7824,0.000218377
CA,2006,36021202,PARCP,6870,0.000190721
CA,2007,36250311,PARCP,7067,0.00019495
CA,2008,36604337,PARCP,8598,0.00023489
CA,2009,36961229,PARCP,8419,0.000227779
CA,2010,37332685,PARCP,8578,0.000229772
CA,2011,37676861,PARCP,7948,0.000210952
CA,2012,38011074,PARCP,6122,0.000161058
CA,2013,38335203,PARCP,6178,0.000161157
CA,2014,38680810,PARCP,4777,0.000123498
CA,2015,38993940,PARCP,5321,0.000136457
CA,2016,39250017,PARCP,,
CO,1970,2209596,PARCP,3353,0.001517472
CO,1971,2303000,PARCP,3532,0.001533652
CO,1972,2405000,PARCP,4022,0.001672349
CO,1973,2496000,PARCP,3944,0.001580128
CO,1974,2541000,PARCP,3341,0.001314837
CO,1975,2586000,PARCP,3174,0.001227378
CO,1976,2632000,PARCP,3367,0.001279255
CO,1977,2696000,PARCP,3159,0.001171736
CO,1978,2767000,PARCP,3864,0.001396458
CO,1979,2849000,PARCP,1478,0.000518779
CO,1980,2889964,PARCP,1768,0.000611772
CO,1981,2977898,PARCP,2172,0.000729374
CO,1982,3061564,PARCP,2487,0.00081233
CO,1983,3133630,PARCP,3128,0.000998203
CO,1984,3169992,PARCP,1472,0.000464354
CO,1985,3208723,PARCP,1531,0.000477137
CO,1986,3237450,PARCP,1440,0.000444795
CO,1987,3260480,PARCP,1548,0.000474777
CO,1988,3262281,PARCP,1480,0.00045367
CO,1989,3275818,PARCP,1674,0.000511017
CO,1990,3307618,PARCP,1743,0.000526965
CO,1991,3387119,PARCP,1941,0.000573053
CO,1992,3495939,PARCP,1743,0.000498578
CO,1993,3613734,PARCP,1828,0.000505848
CO,1994,3724168,PARCP,1814,0.000487089
CO,1995,3826653,PARCP,2238,0.000584845
CO,1996,3919972,PARCP,2160,0.000551024
CO,1997,4018293,PARCP,399,9.93E-05
CO,1998,4116639,PARCP,213,5.17E-05
CO,1999,4226018,PARCP,2033,0.000481068
CO,2000,4326921,PARCP,2906,0.000671609
CO,2001,4425687,PARCP,2707,0.000611656
CO,2002,4490406,PARCP,2710,0.000603509
CO,2003,4528732,PARCP,3835,0.000846815
CO,2004,4575013,PARCP,3282,0.000717375
CO,2005,4631888,PARCP,3416,0.000737496
CO,2006,4720423,PARCP,2698,0.000571559
CO,2007,4803868,PARCP,3050,0.000634905
CO,2008,4889730,PARCP,3617,0.000739714
CO,2009,4972195,PARCP,3238,0.000651221
CO,2010,5048644,PARCP,3241,0.000641955
CO,2011,5118360,PARCP,3096,0.000604881
CO,2012,5189867,PARCP,2964,0.000571113
CO,2013,5267603,PARCP,3499,0.000664249
CO,2014,5349648,PARCP,2987,0.000558354
CO,2015,5448819,PARCP,2697,0.00049497
CO,2016,5540545,PARCP,,
CT,1970,3032217,PARCP,15388,0.005074835
CT,1971,3061000,PARCP,15086,0.004928455
CT,1972,3070000,PARCP,16059,0.005230945
CT,1973,3069000,PARCP,15925,0.005188987
CT,1974,3076000,PARCP,14595,0.004744798
CT,1975,3085000,PARCP,13838,0.004485575
CT,1976,3086000,PARCP,15380,0.004983798
CT,1977,3089000,PARCP,15033,0.004866624
CT,1978,3095000,PARCP,14992,0.004843942
CT,1979,3100000,PARCP,18522,0.005974839
CT,1980,3107576,PARCP,14163,0.004557572
CT,1981,3128836,PARCP,13602,0.004347304
CT,1982,3139013,PARCP,12952,0.004126138
CT,1983,3162354,PARCP,10020,0.003168526
CT,1984,3180014,PARCP,11984,0.003768537
CT,1985,3201131,PARCP,11997,0.003747738
CT,1986,3223740,PARCP,13766,0.004270195
CT,1987,3247291,PARCP,14289,0.004400283
CT,1988,3271953,PARCP,16018,0.004895547
CT,1989,3283403,PARCP,16755,0.005102937
CT,1990,3291967,PARCP,14437,0.004385524
CT,1991,3302895,PARCP,13918,0.004213879
CT,1992,3300712,PARCP,16763,0.005078601
CT,1993,3309175,PARCP,15757,0.00476161
CT,1994,3316121,PARCP,14869,0.004483853
CT,1995,3324144,PARCP,13329,0.004009754
CT,1996,3336685,PARCP,14151,0.004241036
CT,1997,3349348,PARCP,14031,0.004189174
CT,1998,3365352,PARCP,12374,0.003676881
CT,1999,3386401,PARCP,14000,0.004134183
CT,2000,3411777,PARCP,15358,0.004501467
CT,2001,3432835,PARCP,14840,0.004322958
CT,2002,3458749,PARCP,14348,0.004148321
CT,2003,3484336,PARCP,17359,0.004982011
CT,2004,3496094,PARCP,18678,0.005342534
CT,2005,3506956,PARCP,16529,0.004713204
CT,2006,3517460,PARCP,14196,0.004035867
CT,2007,3527270,PARCP,14342,0.004066034
CT,2008,3545579,PARCP,14159,0.003993424
CT,2009,3561807,PARCP,14105,0.003960069
CT,2010,3579899,PARCP,12958,0.003619655
CT,2011,3589893,PARCP,11894,0.003313191
CT,2012,3593795,PARCP,11022,0.003066953
CT,2013,3596003,PARCP,11888,0.003305893
CT,2014,3591873,PARCP,11800,0.003285194
CT,2015,3584730,PARCP,12345,0.003443774
CT,2016,3576452,PARCP,,
DE,1970,548104,PARCP,2755,0.005026418
DE,1971,565000,PARCP,2763,0.004890265
DE,1972,574000,PARCP,2913,0.005074913
DE,1973,579000,PARCP,2709,0.004678756
DE,1974,583000,PARCP,2511,0.004307033
DE,1975,589000,PARCP,2415,0.00410017
DE,1976,593000,PARCP,2664,0.004492411
DE,1977,595000,PARCP,2493,0.004189916
DE,1978,598000,PARCP,2214,0.003702341
DE,1979,599000,PARCP,3990,0.006661102
DE,1980,594338,PARCP,1909,0.003211977
DE,1981,595975,PARCP,1670,0.002802131
DE,1982,599148,PARCP,1539,0.002568647
DE,1983,605458,PARCP,1984,0.003276858
DE,1984,611565,PARCP,2629,0.004298807
DE,1985,618280,PARCP,2638,0.004266675
DE,1986,627559,PARCP,1848,0.002944743
DE,1987,636947,PARCP,2286,0.003588996
DE,1988,647622,PARCP,2361,0.003645645
DE,1989,658273,PARCP,2202,0.003345117
DE,1990,669567,PARCP,1780,0.002658434
DE,1991,683080,PARCP,1878,0.002749312
DE,1992,694925,PARCP,1879,0.002703889
DE,1993,706378,PARCP,1887,0.002671374
DE,1994,717545,PARCP,2003,0.002791463
DE,1995,729734,PARCP,1963,0.002690021
DE,1996,740977,PARCP,2047,0.002762569
DE,1997,751487,PARCP,1861,0.002476423
DE,1998,763335,PARCP,1853,0.002427506
DE,1999,774990,PARCP,1827,0.00235745
DE,2000,786373,PARCP,1893,0.002407255
DE,2001,795699,PARCP,1911,0.002401662
DE,2002,806169,PARCP,1902,0.002359307
DE,2003,818003,PARCP,2052,0.002508548
DE,2004,830803,PARCP,1850,0.002226761
DE,2005,845150,PARCP,1800,0.002129799
DE,2006,859268,PARCP,1414,0.001645587
DE,2007,871749,PARCP,1388,0.001592201
DE,2008,883874,PARCP,1343,0.001519447
DE,2009,891730,PARCP,1517,0.001701188
DE,2010,899816,PARCP,1617,0.001797034
DE,2011,907924,PARCP,1304,0.001436244
DE,2012,916993,PARCP,1060,0.001155952
DE,2013,925395,PARCP,1210,0.00130755
DE,2014,934948,PARCP,1298,0.001388313
DE,2015,944076,PARCP,1297,0.00137383
DE,2016,952065,PARCP,,
FL,1970,6791418,PARCP,6306,0.000928525
FL,1971,7163000,PARCP,6167,0.000860952
FL,1972,7520000,PARCP,5522,0.000734309
FL,1973,7927000,PARCP,5621,0.000709095
FL,1974,8317000,PARCP,4537,0.000545509
FL,1975,8542000,PARCP,4429,0.000518497
FL,1976,8695000,PARCP,5211,0.00059931
FL,1977,8889000,PARCP,5340,0.000600742
FL,1978,9132000,PARCP,5063,0.000554424
FL,1979,9471000,PARCP,4275,0.000451378
FL,1980,9746324,PARCP,4232,0.000434215
FL,1981,10192774,PARCP,3945,0.000387039
FL,1982,10471407,PARCP,2899,0.000276849
FL,1983,10749851,PARCP,3120,0.000290237
FL,1984,11039925,PARCP,4004,0.000362684
FL,1985,11351118,PARCP,4530,0.00039908
FL,1986,11667505,PARCP,4319,0.000370173
FL,1987,11997283,PARCP,4226,0.000352246
FL,1988,12306395,PARCP,3716,0.000301957
FL,1989,12637715,PARCP,3234,0.000255901
FL,1990,13033307,PARCP,2955,0.000226727
FL,1991,13369798,PARCP,3081,0.000230445
FL,1992,13650553,PARCP,3258,0.000238672
FL,1993,13927185,PARCP,3115,0.000223663
FL,1994,14239444,PARCP,2746,0.000192845
FL,1995,14537875,PARCP,2434,0.000167425
FL,1996,14853360,PARCP,2515,0.000169322
FL,1997,15186304,PARCP,2367,0.000155864
FL,1998,15486559,PARCP,2530,0.000163367
FL,1999,15759421,PARCP,2505,0.000158953
FL,2000,16047515,PARCP,2438,0.000151924
FL,2001,16356966,PARCP,2066,0.000126307
FL,2002,16689370,PARCP,2163,0.000129603
FL,2003,17004085,PARCP,2052,0.000120677
FL,2004,17415318,PARCP,2635,0.000151304
FL,2005,17842038,PARCP,2390,0.000133953
FL,2006,18166990,PARCP,2258,0.000124291
FL,2007,18367842,PARCP,1980,0.000107797
FL,2008,18527305,PARCP,1947,0.000105088
FL,2009,18652644,PARCP,2455,0.000131617
FL,2010,18849098,PARCP,2432,0.000129025
FL,2011,19096952,PARCP,1865,9.77E-05
FL,2012,19344156,PARCP,1395,7.21E-05
FL,2013,19582022,PARCP,1330,6.79E-05
FL,2014,19888741,PARCP,1359,6.83E-05
FL,2015,20244914,PARCP,1298,6.41E-05
FL,2016,20612439,PARCP,,
GA,1970,4587930,PARCP,4085,0.00089038
GA,1971,4710000,PARCP,4227,0.000897452
GA,1972,4807000,PARCP,4298,0.000894113
GA,1973,4907000,PARCP,4126,0.00084084
GA,1974,4995000,PARCP,3616,0.000723924
GA,1975,5058000,PARCP,3807,0.000752669
GA,1976,5126000,PARCP,4392,0.000856808
GA,1977,5212000,PARCP,4427,0.000849386
GA,1978,5286000,PARCP,3955,0.000748203
GA,1979,5391000,PARCP,2416,0.000448154
GA,1980,5463105,PARCP,3837,0.000702348
GA,1981,5568345,PARCP,3172,0.000569649
GA,1982,5649792,PARCP,2703,0.000478425
GA,1983,5728250,PARCP,3274,0.000571553
GA,1984,5834954,PARCP,3675,0.000629825
GA,1985,5962661,PARCP,4176,0.000700358
GA,1986,6084666,PARCP,3774,0.000620248
GA,1987,6208467,PARCP,3822,0.000615611
GA,1988,6316142,PARCP,3821,0.000604958
GA,1989,6411099,PARCP,4124,0.000643259
GA,1990,6512602,PARCP,3440,0.000528207
GA,1991,6653005,PARCP,3576,0.000537501
GA,1992,6817203,PARCP,3900,0.000572082
GA,1993,6978240,PARCP,4129,0.000591696
GA,1994,7157165,PARCP,3965,0.00055399
GA,1995,7328413,PARCP,3857,0.000526308
GA,1996,7501069,PARCP,3926,0.000523392
GA,1997,7685099,PARCP,4127,0.000537013
GA,1998,7863536,PARCP,3627,0.000461243
GA,1999,8045965,PARCP,3957,0.000491799
GA,2000,8227303,PARCP,4435,0.000539059
GA,2001,8377038,PARCP,3171,0.000378535
GA,2002,8508256,PARCP,3069,0.000360708
GA,2003,8622793,PARCP,3322,0.000385258
GA,2004,8769252,PARCP,3520,0.000401403
GA,2005,8925922,PARCP,2948,0.000330274
GA,2006,9155813,PARCP,2654,0.00028987
GA,2007,9349988,PARCP,2658,0.000284278
GA,2008,9504843,PARCP,2947,0.000310052
GA,2009,9620846,PARCP,2876,0.000298934
GA,2010,9713521,PARCP,3363,0.000346218
GA,2011,9811610,PARCP,2500,0.0002548
GA,2012,9914668,PARCP,3052,0.000307827
GA,2013,9984938,PARCP,2127,0.000213021
GA,2014,10087231,PARCP,2385,0.000236438
GA,2015,10199398,PARCP,2123,0.00020815
GA,2016,10310371,PARCP,,
HI,1970,769913,PARCP,200,0.00025977
HI,1971,801000,PARCP,234,0.000292135
HI,1972,828000,PARCP,214,0.000258454
HI,1973,851000,PARCP,221,0.000259694
HI,1974,867000,PARCP,214,0.000246828
HI,1975,884000,PARCP,143,0.000161765
HI,1976,902000,PARCP,224,0.000248337
HI,1977,916000,PARCP,235,0.00025655
HI,1978,929000,PARCP,222,0.000238967
HI,1979,950000,PARCP,331,0.000348421
HI,1980,964691,PARCP,192,0.000199027
HI,1981,978195,PARCP,181,0.000185035
HI,1982,993780,PARCP,170,0.000171064
HI,1983,1012717,PARCP,201,0.000198476
HI,1984,1027922,PARCP,41,3.99E-05
HI,1985,1039698,PARCP,45,4.33E-05
HI,1986,1051762,PARCP,43,4.09E-05
HI,1987,1067918,PARCP,54,5.06E-05
HI,1988,1079828,PARCP,61,5.65E-05
HI,1989,1094588,PARCP,62,5.66E-05
HI,1990,1113491,PARCP,57,5.12E-05
HI,1991,1136754,PARCP,58,5.10E-05
HI,1992,1158613,PARCP,184,0.000158811
HI,1993,1172838,PARCP,41,3.50E-05
HI,1994,1187536,PARCP,42,3.54E-05
HI,1995,1196854,PARCP,40,3.34E-05
HI,1996,1203755,PARCP,48,3.99E-05
HI,1997,1211640,PARCP,88,7.26E-05
HI,1998,1215233,PARCP,250,0.000205722
HI,1999,1210300,PARCP,142,0.000117326
HI,2000,1213519,PARCP,194,0.000159866
HI,2001,1225948,PARCP,197,0.000160692
HI,2002,1239613,PARCP,197,0.000158921
HI,2003,1251154,PARCP,146,0.000116692
HI,2004,1273569,PARCP,149,0.000116994
HI,2005,1292729,PARCP,152,0.000117581
HI,2006,1309731,PARCP,159,0.000121399
HI,2007,1315675,PARCP,128,9.73E-05
HI,2008,1332213,PARCP,267,0.000200418
HI,2009,1346717,PARCP,242,0.000179696
HI,2010,1363945,PARCP,239,0.000175227
HI,2011,1377864,PARCP,220,0.000159667
HI,2012,1391820,PARCP,332,0.000238537
HI,2013,1406481,PARCP,222,0.000157841
HI,2014,1416349,PARCP,209,0.000147563
HI,2015,1425157,PARCP,125,8.77E-05
HI,2016,1428557,PARCP,,
IA,1970,2825368,PARCP,9784,0.003462912
IA,1971,2852000,PARCP,9497,0.003329944
IA,1972,2860000,PARCP,10657,0.003726224
IA,1973,2864000,PARCP,10268,0.003585196
IA,1974,2868000,PARCP,9351,0.00326046
IA,1975,2881000,PARCP,9139,0.003172162
IA,1976,2904000,PARCP,9515,0.003276515
IA,1977,2914000,PARCP,9125,0.003131434
IA,1978,2919000,PARCP,8730,0.00299075
IA,1979,2917000,PARCP,8909,0.003054165
IA,1980,2913808,PARCP,6554,0.00224929
IA,1981,2907983,PARCP,6059,0.002083575
IA,1982,2888189,PARCP,6399,0.002215575
IA,1983,2870543,PARCP,5814,0.002025401
IA,1984,2858618,PARCP,4471,0.001564042
IA,1985,2829684,PARCP,4777,0.001688174
IA,1986,2791970,PARCP,4995,0.001789059
IA,1987,2767011,PARCP,4070,0.001470901
IA,1988,2768388,PARCP,4506,0.001627662
IA,1989,2770592,PARCP,4853,0.001751611
IA,1990,2781018,PARCP,3853,0.001385464
IA,1991,2797613,PARCP,4475,0.001599578
IA,1992,2818401,PARCP,4393,0.001558685
IA,1993,2836972,PARCP,5044,0.001777952
IA,1994,2850746,PARCP,5061,0.001775325
IA,1995,2867373,PARCP,5003,0.001744803
IA,1996,2880000,PARCP,6438,0.002235417
IA,1997,2891119,PARCP,5978,0.002067711
IA,1998,2902872,PARCP,4999,0.001722088
IA,1999,2917634,PARCP,6099,0.002090392
IA,2000,2929067,PARCP,6128,0.002092134
IA,2001,2931997,PARCP,4064,0.001386086
IA,2002,2934234,PARCP,5279,0.001799107
IA,2003,2941999,PARCP,5341,0.001815432
IA,2004,2953635,PARCP,4676,0.001583134
IA,2005,2964454,PARCP,4843,0.00163369
IA,2006,2982644,PARCP,4512,0.001512752
IA,2007,2999212,PARCP,4579,0.001526734
IA,2008,3016734,PARCP,6010,0.001992221
IA,2009,3032870,PARCP,5772,0.001903148
IA,2010,3050738,PARCP,4811,0.001576995
IA,2011,3065223,PARCP,4851,0.001582593
IA,2012,3076310,PARCP,3921,0.001274579
IA,2013,3091930,PARCP,4746,0.001534964
IA,2014,3108030,PARCP,4516,0.00145301
IA,2015,3121997,PARCP,3841,0.001230302
IA,2016,3134693,PARCP,,
ID,1970,713015,PARCP,1447,0.00202941
ID,1971,739000,PARCP,1516,0.002051421
ID,1972,763000,PARCP,1622,0.002125819
ID,1973,782000,PARCP,1568,0.002005115
ID,1974,808000,PARCP,1555,0.001924505
ID,1975,832000,PARCP,1583,0.001902644
ID,1976,857000,PARCP,1583,0.001847141
ID,1977,883000,PARCP,1564,0.001771234
ID,1978,911000,PARCP,1701,0.001867179
ID,1979,933000,PARCP,1213,0.001300107
ID,1980,943935,PARCP,756,0.000800903
ID,1981,962204,PARCP,673,0.000699436
ID,1982,973721,PARCP,555,0.000569978
ID,1983,981869,PARCP,931,0.000948192
ID,1984,990839,PARCP,719,0.000725648
ID,1985,994051,PARCP,851,0.000856093
ID,1986,990224,PARCP,839,0.000847283
ID,1987,984997,PARCP,734,0.00074518
ID,1988,985664,PARCP,846,0.000858305
ID,1989,994416,PARCP,871,0.000875891
ID,1990,1012384,PARCP,814,0.000804043
ID,1991,1041316,PARCP,888,0.000852767
ID,1992,1071685,PARCP,728,0.000679304
ID,1993,1108768,PARCP,826,0.000744971
ID,1994,1145140,PARCP,707,0.000617392
ID,1995,1177322,PARCP,776,0.000659123
ID,1996,1203083,PARCP,788,0.000654984
ID,1997,1228520,PARCP,809,0.000658516
ID,1998,1252330,PARCP,538,0.000429599
ID,1999,1275674,PARCP,1110,0.000870128
ID,2000,1299430,PARCP,1658,0.001275944
ID,2001,1319962,PARCP,1395,0.001056849
ID,2002,1340372,PARCP,999,0.000745315
ID,2003,1363380,PARCP,870,0.00063812
ID,2004,1391802,PARCP,1417,0.001018105
ID,2005,1428241,PARCP,1177,0.000824091
ID,2006,1468669,PARCP,1271,0.000865409
ID,2007,1505105,PARCP,1125,0.000747456
ID,2008,1534320,PARCP,1191,0.00077624
ID,2009,1554439,PARCP,1237,0.000795785
ID,2010,1571010,PARCP,1180,0.000751109
ID,2011,1584143,PARCP,1209,0.000763189
ID,2012,1595911,PARCP,991,0.000620962
ID,2013,1612011,PARCP,1416,0.000878406
ID,2014,1633532,PARCP,997,0.000610334
ID,2015,1652828,PARCP,878,0.000531211
ID,2016,1683140,PARCP,,
IL,1970,11110288,PARCP,21962,0.001976726
IL,1971,11206000,PARCP,22186,0.001979832
IL,1972,11258000,PARCP,24193,0.002148961
IL,1973,11260000,PARCP,23528,0.00208952
IL,1974,11274000,PARCP,22390,0.001985985
IL,1975,11306000,PARCP,22786,0.00201539
IL,1976,11360000,PARCP,25161,0.002214877
IL,1977,11406000,PARCP,24142,0.002116605
IL,1978,11434000,PARCP,25096,0.002194857
IL,1979,11423000,PARCP,13949,0.001221133
IL,1980,11426518,PARCP,7739,0.000677284
IL,1981,11443458,PARCP,6831,0.000596935
IL,1982,11423412,PARCP,7008,0.000613477
IL,1983,11408818,PARCP,6875,0.000602604
IL,1984,11412132,PARCP,5946,0.000521024
IL,1985,11399806,PARCP,6442,0.000565097
IL,1986,11387257,PARCP,5552,0.000487563
IL,1987,11391178,PARCP,5539,0.000486253
IL,1988,11390183,PARCP,5510,0.00048375
IL,1989,11409782,PARCP,5567,0.000487915
IL,1990,11453316,PARCP,4716,0.000411758
IL,1991,11568964,PARCP,5151,0.000445243
IL,1992,11694184,PARCP,4725,0.000404047
IL,1993,11809579,PARCP,4721,0.00039976
IL,1994,11912585,PARCP,4592,0.000385475
IL,1995,12008437,PARCP,4729,0.000393806
IL,1996,12101997,PARCP,6077,0.000502149
IL,1997,12185715,PARCP,6131,0.00050313
IL,1998,12271847,PARCP,5052,0.000411674
IL,1999,12359020,PARCP,7565,0.000612104
IL,2000,12434161,PARCP,5987,0.000481496
IL,2001,12488445,PARCP,4540,0.000363536
IL,2002,12525556,PARCP,5854,0.000467364
IL,2003,12556006,PARCP,4916,0.000391526
IL,2004,12589773,PARCP,4695,0.000372922
IL,2005,12609903,PARCP,4684,0.000371454
IL,2006,12643955,PARCP,4945,0.000391096
IL,2007,12695866,PARCP,5537,0.000436126
IL,2008,12747038,PARCP,7424,0.00058241
IL,2009,12796778,PARCP,6677,0.000521772
IL,2010,12841578,PARCP,6776,0.000527661
IL,2011,12860012,PARCP,5879,0.000457154
IL,2012,12870798,PARCP,4950,0.000384592
IL,2013,12879505,PARCP,6808,0.000528592
IL,2014,12867544,PARCP,5243,0.000407459
IL,2015,12839047,PARCP,4819,0.000375339
IL,2016,12801539,PARCP,,
IN,1970,5195392,PARCP,16339,0.003144902
IN,1971,5250000,PARCP,16900,0.003219048
IN,1972,5296000,PARCP,18603,0.003512651
IN,1973,5329000,PARCP,17818,0.003343592
IN,1974,5350000,PARCP,16567,0.003096636
IN,1975,5351000,PARCP,16202,0.003027845
IN,1976,5372000,PARCP,17914,0.003334698
IN,1977,5405000,PARCP,17895,0.003310823
IN,1978,5446000,PARCP,17818,0.003271759
IN,1979,5475000,PARCP,12260,0.002239269
IN,1980,5490224,PARCP,9328,0.00169902
IN,1981,5480435,PARCP,8018,0.001463023
IN,1982,5467922,PARCP,7512,0.001373831
IN,1983,5450395,PARCP,6329,0.0011612
IN,1984,5458322,PARCP,6217,0.001138995
IN,1985,5459211,PARCP,5522,0.001011501
IN,1986,5454108,PARCP,6097,0.001117873
IN,1987,5473012,PARCP,6493,0.001186367
IN,1988,5491735,PARCP,6935,0.001262807
IN,1989,5523693,PARCP,7417,0.001342761
IN,1990,5557798,PARCP,5860,0.001054374
IN,1991,5616388,PARCP,5829,0.001037856
IN,1992,5674547,PARCP,5578,0.000982986
IN,1993,5739019,PARCP,6237,0.001086771
IN,1994,5793526,PARCP,5733,0.000989553
IN,1995,5851459,PARCP,5557,0.000949678
IN,1996,5906013,PARCP,6924,0.001172365
IN,1997,5955267,PARCP,6699,0.001124887
IN,1998,5998880,PARCP,5134,0.000855826
IN,1999,6044969,PARCP,6957,0.001150874
IN,2000,6091866,PARCP,6511,0.001068802
IN,2001,6127760,PARCP,4938,0.000805841
IN,2002,6155967,PARCP,6398,0.001039317
IN,2003,6196638,PARCP,6964,0.001123835
IN,2004,6233007,PARCP,5818,0.000933418
IN,2005,6278616,PARCP,5070,0.000807503
IN,2006,6332669,PARCP,4218,0.00066607
IN,2007,6379599,PARCP,4929,0.000772619
IN,2008,6424806,PARCP,5909,0.000919716
IN,2009,6459325,PARCP,5436,0.000841574
IN,2010,6490528,PARCP,4879,0.000751711
IN,2011,6516480,PARCP,4618,0.000708665
IN,2012,6537743,PARCP,3403,0.000520516
IN,2013,6569102,PARCP,3959,0.00060267
IN,2014,6595233,PARCP,3757,0.000569654
IN,2015,6612768,PARCP,3111,0.000470454
IN,2016,6633053,PARCP,,
KS,1970,2249071,PARCP,5221,0.002321403
KS,1971,2246000,PARCP,4965,0.002210597
KS,1972,2255000,PARCP,5216,0.002313082
KS,1973,2264000,PARCP,5146,0.002272968
KS,1974,2268000,PARCP,4783,0.002108907
KS,1975,2279000,PARCP,4934,0.002164985
KS,1976,2299000,PARCP,5238,0.002278382
KS,1977,2318000,PARCP,5237,0.002259275
KS,1978,2333000,PARCP,4755,0.002038148
KS,1979,2347000,PARCP,3285,0.001399659
KS,1980,2363679,PARCP,2335,0.000987867
KS,1981,2384849,PARCP,1737,0.000728348
KS,1982,2401202,PARCP,1876,0.000781275
KS,1983,2415531,PARCP,2075,0.000859024
KS,1984,2424086,PARCP,1142,0.000471105
KS,1985,2427405,PARCP,1633,0.000672735
KS,1986,2432619,PARCP,1309,0.000538103
KS,1987,2445367,PARCP,1388,0.000567604
KS,1988,2461996,PARCP,1554,0.000631195
KS,1989,2472849,PARCP,1576,0.000637322
KS,1990,2481349,PARCP,1277,0.000514639
KS,1991,2498722,PARCP,1400,0.000560286
KS,1992,2532394,PARCP,1171,0.000462408
KS,1993,2556547,PARCP,1190,0.000465472
KS,1994,2580513,PARCP,1136,0.000440223
KS,1995,2601007,PARCP,1565,0.00060169
KS,1996,2614554,PARCP,2101,0.000803579
KS,1997,2635292,PARCP,2541,0.00096422
KS,1998,2660598,PARCP,2686,0.001009547
KS,1999,2678338,PARCP,3859,0.001440819
KS,2000,2693681,PARCP,2757,0.001023506
KS,2001,2702162,PARCP,2017,0.000746439
KS,2002,2713535,PARCP,2401,0.000884824
KS,2003,2723004,PARCP,2583,0.000948585
KS,2004,2734373,PARCP,2355,0.000861258
KS,2005,2745299,PARCP,2257,0.000822133
KS,2006,2762931,PARCP,1638,0.000592849
KS,2007,2783785,PARCP,2121,0.000761912
KS,2008,2808076,PARCP,2749,0.000978962
KS,2009,2832704,PARCP,2601,0.000918204
KS,2010,2858850,PARCP,2337,0.000817462
KS,2011,2869503,PARCP,2128,0.000741592
KS,2012,2885262,PARCP,1777,0.000615889
KS,2013,2892821,PARCP,2060,0.000712108
KS,2014,2899360,PARCP,2133,0.00073568
KS,2015,2906721,PARCP,2016,0.000693565
KS,2016,2907289,PARCP,,
KY,1970,3220711,PARCP,5884,0.001826926
KY,1971,3298000,PARCP,5721,0.001734688
KY,1972,3336000,PARCP,5497,0.001647782
KY,1973,3372000,PARCP,5845,0.001733393
KY,1974,3417000,PARCP,5493,0.00160755
KY,1975,3469000,PARCP,5308,0.001530124
KY,1976,3530000,PARCP,5450,0.001543909
KY,1977,3575000,PARCP,5719,0.00159972
KY,1978,3611000,PARCP,5583,0.001546109
KY,1979,3644000,PARCP,5254,0.001441822
KY,1980,3660777,PARCP,4663,0.001273773
KY,1981,3670394,PARCP,2943,0.000801821
KY,1982,3683445,PARCP,2717,0.000737625
KY,1983,3694484,PARCP,3426,0.000927328
KY,1984,3695453,PARCP,2889,0.000781772
KY,1985,3694826,PARCP,3298,0.0008926
KY,1986,3687809,PARCP,3062,0.000830303
KY,1987,3683329,PARCP,3674,0.000997467
KY,1988,3679999,PARCP,3755,0.001020381
KY,1989,3677306,PARCP,3706,0.001007803
KY,1990,3694048,PARCP,2921,0.000790731
KY,1991,3722328,PARCP,3262,0.000876333
KY,1992,3765469,PARCP,3183,0.000845313
KY,1993,3812206,PARCP,3558,0.000933318
KY,1994,3849088,PARCP,3436,0.000892679
KY,1995,3887427,PARCP,3429,0.000882074
KY,1996,3919535,PARCP,4176,0.001065433
KY,1997,3952747,PARCP,4204,0.001063564
KY,1998,3985390,PARCP,3517,0.000882473
KY,1999,4018053,PARCP,4224,0.001051255
KY,2000,4049021,PARCP,3657,0.000903181
KY,2001,4068132,PARCP,2594,0.000637639
KY,2002,4089875,PARCP,2600,0.000635716
KY,2003,4117170,PARCP,3031,0.000736185
KY,2004,4146101,PARCP,2892,0.000697523
KY,2005,4182742,PARCP,2769,0.000662006
KY,2006,4219239,PARCP,2369,0.000561476
KY,2007,4256672,PARCP,2458,0.000577446
KY,2008,4289878,PARCP,2720,0.000634051
KY,2009,4317074,PARCP,2971,0.000688198
KY,2010,4348662,PARCP,2878,0.000661813
KY,2011,4369354,PARCP,2694,0.000616567
KY,2012,4384799,PARCP,1752,0.000399562
KY,2013,4400477,PARCP,1967,0.000446997
KY,2014,4413057,PARCP,2206,0.00049988
KY,2015,4424611,PARCP,2103,0.000475296
KY,2016,4436974,PARCP,,
LA,1970,3644637,PARCP,2318,0.000636003
LA,1971,3711000,PARCP,2476,0.000667206
LA,1972,3762000,PARCP,2580,0.000685805
LA,1973,3789000,PARCP,2357,0.000622064
LA,1974,3821000,PARCP,2178,0.000570008
LA,1975,3887000,PARCP,1796,0.000462053
LA,1976,3952000,PARCP,1673,0.00042333
LA,1977,4016000,PARCP,1871,0.000465886
LA,1978,4073000,PARCP,1565,0.000384238
LA,1979,4139000,PARCP,1152,0.000278328
LA,1980,4205900,PARCP,976,0.000232055
LA,1981,4283303,PARCP,997,0.000232764
LA,1982,4352608,PARCP,883,0.000202867
LA,1983,4395316,PARCP,955,0.000217277
LA,1984,4400477,PARCP,782,0.000177708
LA,1985,4408118,PARCP,860,0.000195095
LA,1986,4406919,PARCP,919,0.000208536
LA,1987,4344148,PARCP,867,0.000199579
LA,1988,4288863,PARCP,828,0.000193058
LA,1989,4252894,PARCP,802,0.000188577
LA,1990,4221532,PARCP,674,0.000159658
LA,1991,4253279,PARCP,713,0.000167635
LA,1992,4293003,PARCP,904,0.000210575
LA,1993,4316428,PARCP,610,0.000141321
LA,1994,4347481,PARCP,594,0.000136631
LA,1995,4378779,PARCP,540,0.000123322
LA,1996,4398877,PARCP,687,0.000156176
LA,1997,4421071,PARCP,829,0.000187511
LA,1998,4440344,PARCP,1144,0.000257638
LA,1999,4460811,PARCP,1664,0.000373026
LA,2000,4471885,PARCP,1927,0.000430914
LA,2001,4477875,PARCP,1804,0.00040287
LA,2002,4497267,PARCP,962,0.000213908
LA,2003,4521042,PARCP,768,0.000169872
LA,2004,4552238,PARCP,702,0.00015421
LA,2005,4576628,PARCP,841,0.00018376
LA,2006,4302665,PARCP,864,0.000200806
LA,2007,4375581,PARCP,546,0.000124783
LA,2008,4435586,PARCP,690,0.00015556
LA,2009,4491648,PARCP,845,0.000188127
LA,2010,4544996,PARCP,735,0.000161716
LA,2011,4575404,PARCP,688,0.000150369
LA,2012,4603429,PARCP,455,9.88E-05
LA,2013,4626402,PARCP,473,0.000102239
LA,2014,4647880,PARCP,518,0.000111449
LA,2015,4668960,PARCP,446,9.55E-05
LA,2016,4681666,PARCP,,
MA,1970,5689170,PARCP,40748,0.00716238
MA,1971,5739000,PARCP,42332,0.007376198
MA,1972,5762000,PARCP,43798,0.00760118
MA,1973,5784000,PARCP,43478,0.007516943
MA,1974,5777000,PARCP,40516,0.007013329
MA,1975,5762000,PARCP,39295,0.006819681
MA,1976,5749000,PARCP,42537,0.007399026
MA,1977,5744000,PARCP,41549,0.007233461
MA,1978,5743000,PARCP,39515,0.00688055
MA,1979,5746000,PARCP,27247,0.004741907
MA,1980,5737037,PARCP,23602,0.00411397
MA,1981,5768685,PARCP,19482,0.003377199
MA,1982,5771222,PARCP,19195,0.003325985
MA,1983,5799407,PARCP,18439,0.003179463
MA,1984,5840773,PARCP,22063,0.003777411
MA,1985,5880733,PARCP,21499,0.003655837
MA,1986,5902678,PARCP,22070,0.003738981
MA,1987,5935204,PARCP,22890,0.003856649
MA,1988,5979982,PARCP,22642,0.003786299
MA,1989,6015478,PARCP,24425,0.004060359
MA,1990,6022639,PARCP,21843,0.003626815
MA,1991,6018470,PARCP,20444,0.003396877
MA,1992,6028709,PARCP,23157,0.003841121
MA,1993,6060569,PARCP,23271,0.003839738
MA,1994,6095241,PARCP,23371,0.003834303
MA,1995,6141445,PARCP,21412,0.003486476
MA,1996,6179756,PARCP,19954,0.00322893
MA,1997,6226058,PARCP,19878,0.00319271
MA,1998,6271838,PARCP,18417,0.00293646
MA,1999,6317345,PARCP,19282,0.003052232
MA,2000,6361104,PARCP,22217,0.003492633
MA,2001,6397634,PARCP,23925,0.003739664
MA,2002,6417206,PARCP,23355,0.003639434
MA,2003,6422565,PARCP,22703,0.003534881
MA,2004,6412281,PARCP,21007,0.003276057
MA,2005,6403290,PARCP,20422,0.003189298
MA,2006,6410084,PARCP,17619,0.002748638
MA,2007,6431559,PARCP,17837,0.002773356
MA,2008,6468967,PARCP,17775,0.002747734
MA,2009,6517613,PARCP,16170,0.00248097
MA,2010,6565524,PARCP,16381,0.002495003
MA,2011,6611923,PARCP,16235,0.002455413
MA,2012,6658008,PARCP,13532,0.00203244
MA,2013,6706786,PARCP,14781,0.002203887
MA,2014,6749911,PARCP,16636,0.002464625
MA,2015,6784240,PARCP,16381,0.002414567
MA,2016,6811779,PARCP,,
MD,1970,3923897,PARCP,11214,0.002857873
MD,1971,4022000,PARCP,11232,0.00279264
MD,1972,4081000,PARCP,10944,0.002681696
MD,1973,4109000,PARCP,10654,0.002592845
MD,1974,4133000,PARCP,10112,0.002446649
MD,1975,4157000,PARCP,10470,0.002518643
MD,1976,4172000,PARCP,10259,0.002459012
MD,1977,4195000,PARCP,10294,0.002453874
MD,1978,4212000,PARCP,9939,0.002359687
MD,1979,4223000,PARCP,10573,0.00250367
MD,1980,4216975,PARCP,10225,0.002424724
MD,1981,4261905,PARCP,8140,0.001909944
MD,1982,4282923,PARCP,7472,0.001744603
MD,1983,4313327,PARCP,7375,0.001709817
MD,1984,4365243,PARCP,9159,0.002098165
MD,1985,4413071,PARCP,7520,0.001704029
MD,1986,4486957,PARCP,6812,0.001518178
MD,1987,4565557,PARCP,8208,0.001797809
MD,1988,4657904,PARCP,8820,0.001893556
MD,1989,4727301,PARCP,7415,0.001568548
MD,1990,4799770,PARCP,6354,0.001323813
MD,1991,4867641,PARCP,6217,0.00127721
MD,1992,4923368,PARCP,6603,0.001341155
MD,1993,4971889,PARCP,7222,0.001452567
MD,1994,5023060,PARCP,7095,0.001412486
MD,1995,5070033,PARCP,6788,0.001338847
MD,1996,5111986,PARCP,7902,0.001545779
MD,1997,5157328,PARCP,7221,0.001400144
MD,1998,5204464,PARCP,6500,0.001248928
MD,1999,5254509,PARCP,6534,0.001243503
MD,2000,5311034,PARCP,6459,0.001216147
MD,2001,5374691,PARCP,6576,0.001223512
MD,2002,5440389,PARCP,6068,0.001115361
MD,2003,5496269,PARCP,6542,0.001190262
MD,2004,5546935,PARCP,6272,0.001130715
MD,2005,5592379,PARCP,6343,0.001134222
MD,2006,5627367,PARCP,5230,0.000929387
MD,2007,5653408,PARCP,5134,0.000908125
MD,2008,5684965,PARCP,5229,0.000919795
MD,2009,5730388,PARCP,5381,0.000939029
MD,2010,5788584,PARCP,5599,0.000967249
MD,2011,5843603,PARCP,4797,0.000820898
MD,2012,5889651,PARCP,3842,0.000652331
MD,2013,5931129,PARCP,4560,0.000768825
MD,2014,5967295,PARCP,5329,0.000893034
MD,2015,5994983,PARCP,5284,0.000881404
MD,2016,6016447,PARCP,,
ME,1970,993722,PARCP,9751,0.009812604
ME,1971,1016000,PARCP,9805,0.009650591
ME,1972,1035000,PARCP,10339,0.009989372
ME,1973,1046000,PARCP,9649,0.009224665
ME,1974,1060000,PARCP,9258,0.008733962
ME,1975,1073000,PARCP,8932,0.008324324
ME,1976,1090000,PARCP,10724,0.009838532
ME,1977,1105000,PARCP,11368,0.010287783
ME,1978,1115000,PARCP,10168,0.009119283
ME,1979,1125000,PARCP,8368,0.007438222
ME,1980,1124660,PARCP,7009,0.006232106
ME,1981,1133033,PARCP,5657,0.004992794
ME,1982,1136684,PARCP,5450,0.004794648
ME,1983,1144772,PARCP,3789,0.003309829
ME,1984,1155635,PARCP,4836,0.004184712
ME,1985,1162936,PARCP,6565,0.005645195
ME,1986,1170126,PARCP,7258,0.006202751
ME,1987,1184574,PARCP,7341,0.006197165
ME,1988,1203840,PARCP,8149,0.006769172
ME,1989,1219961,PARCP,7655,0.006274791
ME,1990,1231719,PARCP,7055,0.005727767
ME,1991,1237081,PARCP,7112,0.005749017
ME,1992,1238508,PARCP,7064,0.005703637
ME,1993,1242302,PARCP,7401,0.005957489
ME,1994,1242662,PARCP,7612,0.006125559
ME,1995,1243480,PARCP,9372,0.007536913
ME,1996,1249060,PARCP,9690,0.007757834
ME,1997,1254774,PARCP,9286,0.007400536
ME,1998,1259127,PARCP,10062,0.007991251
ME,1999,1266808,PARCP,9538,0.00752916
ME,2000,1277072,PARCP,9251,0.007243914
ME,2001,1285692,PARCP,9277,0.00721557
ME,2002,1295960,PARCP,8213,0.006337387
ME,2003,1306513,PARCP,11416,0.008737762
ME,2004,1313688,PARCP,12276,0.009344685
ME,2005,1318787,PARCP,11121,0.008432749
ME,2006,1323619,PARCP,9644,0.007286085
ME,2007,1327040,PARCP,9361,0.007054045
ME,2008,1330509,PARCP,7718,0.005800788
ME,2009,1329590,PARCP,7304,0.005493423
ME,2010,1327730,PARCP,6764,0.005094409
ME,2011,1328231,PARCP,6783,0.005106792
ME,2012,1328895,PARCP,5656,0.004256168
ME,2013,1329076,PARCP,6084,0.004577616
ME,2014,1330719,PARCP,6372,0.004788389
ME,2015,1329453,PARCP,7431,0.005589517
ME,2016,1331479,PARCP,,
MI,1970,8881826,PARCP,24226,0.002727592
MI,1971,8972000,PARCP,26516,0.002955417
MI,1972,9025000,PARCP,28683,0.003178172
MI,1973,9072000,PARCP,27897,0.003075066
MI,1974,9109000,PARCP,25814,0.002833901
MI,1975,9108000,PARCP,25347,0.002782938
MI,1976,9117000,PARCP,25704,0.002819348
MI,1977,9157000,PARCP,25374,0.002770995
MI,1978,9202000,PARCP,25548,0.002776353
MI,1979,9249000,PARCP,15359,0.001660612
MI,1980,9262078,PARCP,12915,0.001394396
MI,1981,9209287,PARCP,11291,0.001226045
MI,1982,9115198,PARCP,10402,0.001141171
MI,1983,9047754,PARCP,9582,0.001059047
MI,1984,9049452,PARCP,11207,0.001238418
MI,1985,9076293,PARCP,11389,0.001254807
MI,1986,9127775,PARCP,11969,0.001311272
MI,1987,9187481,PARCP,12756,0.001388411
MI,1988,9217998,PARCP,13527,0.001467455
MI,1989,9253295,PARCP,13657,0.001475907
MI,1990,9311319,PARCP,12104,0.001299923
MI,1991,9400446,PARCP,12637,0.001344298
MI,1992,9479065,PARCP,12304,0.001298018
MI,1993,9540114,PARCP,13113,0.001374512
MI,1994,9597737,PARCP,12502,0.001302599
MI,1995,9676211,PARCP,12685,0.001310947
MI,1996,9758645,PARCP,15682,0.001606985
MI,1997,9809051,PARCP,14871,0.001516049
MI,1998,9847942,PARCP,13163,0.001336624
MI,1999,9897116,PARCP,15200,0.001535801
MI,2000,9952450,PARCP,15199,0.001527162
MI,2001,9991120,PARCP,17799,0.001781482
MI,2002,10015710,PARCP,18310,0.001828128
MI,2003,10041152,PARCP,18348,0.00182728
MI,2004,10055315,PARCP,16033,0.00159448
MI,2005,10051137,PARCP,17601,0.001751145
MI,2006,10036081,PARCP,11140,0.001109995
MI,2007,10001284,PARCP,12383,0.001238141
MI,2008,9946889,PARCP,11472,0.001153325
MI,2009,9901591,PARCP,10904,0.001101237
MI,2010,9877495,PARCP,9892,0.001001468
MI,2011,9876213,PARCP,9275,0.000939125
MI,2012,9887238,PARCP,7649,0.000773624
MI,2013,9898982,PARCP,10344,0.001044956
MI,2014,9915767,PARCP,10458,0.001054684
MI,2015,9917715,PARCP,8655,0.000872681
MI,2016,9928300,PARCP,,
MN,1970,3806103,PARCP,14955,0.003929216
MN,1971,3852000,PARCP,15840,0.00411215
MN,1972,3867000,PARCP,16954,0.004384277
MN,1973,3885000,PARCP,15982,0.004113771
MN,1974,3898000,PARCP,14751,0.003784248
MN,1975,3926000,PARCP,14004,0.003566989
MN,1976,3957000,PARCP,15803,0.003993682
MN,1977,3980000,PARCP,14882,0.003739196
MN,1978,4005000,PARCP,13541,0.003381024
MN,1979,4038000,PARCP,10600,0.002625062
MN,1980,4075970,PARCP,9069,0.002224992
MN,1981,4111728,PARCP,7671,0.001865639
MN,1982,4131450,PARCP,9289,0.002248363
MN,1983,4141456,PARCP,6662,0.001608613
MN,1984,4157706,PARCP,6487,0.001560235
MN,1985,4184302,PARCP,6574,0.00157111
MN,1986,4205212,PARCP,7168,0.001704551
MN,1987,4235136,PARCP,7131,0.001683771
MN,1988,4296166,PARCP,7643,0.001779028
MN,1989,4338057,PARCP,8714,0.002008733
MN,1990,4389857,PARCP,6786,0.001545836
MN,1991,4440859,PARCP,7401,0.001666569
MN,1992,4495572,PARCP,7094,0.001577997
MN,1993,4555954,PARCP,7754,0.001701949
MN,1994,4610355,PARCP,7549,0.001637401
MN,1995,4660180,PARCP,7702,0.001652726
MN,1996,4712827,PARCP,9642,0.002045906
MN,1997,4763390,PARCP,8787,0.001844695
MN,1998,4813412,PARCP,6648,0.001381141
MN,1999,4873481,PARCP,7118,0.001460558
MN,2000,4933692,PARCP,7910,0.001603262
MN,2001,4982796,PARCP,7365,0.001478086
MN,2002,5018935,PARCP,6937,0.001382166
MN,2003,5053572,PARCP,8316,0.001645569
MN,2004,5087713,PARCP,7748,0.001522885
MN,2005,5119598,PARCP,7181,0.001402649
MN,2006,5163555,PARCP,6454,0.001249914
MN,2007,5207203,PARCP,6666,0.00128015
MN,2008,5247018,PARCP,7026,0.001339046
MN,2009,5281203,PARCP,6413,0.001214307
MN,2010,5311147,PARCP,6256,0.0011779
MN,2011,5348562,PARCP,6009,0.00112348
MN,2012,5380285,PARCP,5308,0.000986565
MN,2013,5418521,PARCP,6193,0.001142932
MN,2014,5453109,PARCP,6681,0.001225173
MN,2015,5482435,PARCP,5805,0.001058836
MN,2016,5519952,PARCP,,
MO,1970,4677623,PARCP,9769,0.002088454
MO,1971,4723000,PARCP,9887,0.002093373
MO,1972,4753000,PARCP,10497,0.0022085
MO,1973,4775000,PARCP,10369,0.002171518
MO,1974,4785000,PARCP,10050,0.002100313
MO,1975,4795000,PARCP,10409,0.002170803
MO,1976,4823000,PARCP,10352,0.002146382
MO,1977,4845000,PARCP,10218,0.002108978
MO,1978,4871000,PARCP,10041,0.002061384
MO,1979,4889000,PARCP,8444,0.001727143
MO,1980,4916686,PARCP,5989,0.001218097
MO,1981,4932064,PARCP,5852,0.001186522
MO,1982,4929451,PARCP,5777,0.001171936
MO,1983,4943733,PARCP,6158,0.001245617
MO,1984,4975278,PARCP,3917,0.000787293
MO,1985,5000268,PARCP,4224,0.000844755
MO,1986,5023068,PARCP,4588,0.000913386
MO,1987,5056696,PARCP,4620,0.00091364
MO,1988,5081736,PARCP,4356,0.000857187
MO,1989,5095830,PARCP,5304,0.001040851
MO,1990,5128880,PARCP,4378,0.000853598
MO,1991,5170800,PARCP,5619,0.001086679
MO,1992,5217101,PARCP,5581,0.001069751
MO,1993,5271175,PARCP,5957,0.001130109
MO,1994,5324497,PARCP,5764,0.001082544
MO,1995,5378247,PARCP,5952,0.00110668
MO,1996,5431553,PARCP,7747,0.001426296
MO,1997,5481193,PARCP,7067,0.001289318
MO,1998,5521765,PARCP,5136,0.000930137
MO,1999,5561948,PARCP,6791,0.001220975
MO,2000,5607285,PARCP,5996,0.001069323
MO,2001,5641142,PARCP,8926,0.001582304
MO,2002,5674825,PARCP,6714,0.00118312
MO,2003,5709403,PARCP,6435,0.001127088
MO,2004,5747741,PARCP,5325,0.000926451
MO,2005,5790300,PARCP,4802,0.000829318
MO,2006,5842704,PARCP,4239,0.00072552
MO,2007,5887612,PARCP,4764,0.000809157
MO,2008,5923916,PARCP,6030,0.001017908
MO,2009,5961088,PARCP,5181,0.000869137
MO,2010,5996118,PARCP,4966,0.000828203
MO,2011,6010717,PARCP,4313,0.000717552
MO,2012,6025415,PARCP,3420,0.000567596
MO,2013,6042711,PARCP,4043,0.000669071
MO,2014,6060930,PARCP,4241,0.000699728
MO,2015,6076204,PARCP,3558,0.000585563
MO,2016,6093000,PARCP,,
MS,1970,2216994,PARCP,4744,0.002139834
MS,1971,2265000,PARCP,4728,0.002087417
MS,1972,2307000,PARCP,5192,0.002250542
MS,1973,2350000,PARCP,5105,0.00217234
MS,1974,2379000,PARCP,4763,0.002002102
MS,1975,2400000,PARCP,4101,0.00170875
MS,1976,2430000,PARCP,4268,0.001756379
MS,1977,2460000,PARCP,4552,0.001850407
MS,1978,2488000,PARCP,4257,0.001711013
MS,1979,2508000,PARCP,2177,0.000868022
MS,1980,2520638,PARCP,2016,0.000799798
MS,1981,2539036,PARCP,1898,0.000747528
MS,1982,2556777,PARCP,1827,0.000714572
MS,1983,2567717,PARCP,2229,0.000868086
MS,1984,2578051,PARCP,1455,0.00056438
MS,1985,2588102,PARCP,1738,0.000671535
MS,1986,2593597,PARCP,1554,0.000599168
MS,1987,2588545,PARCP,1829,0.000706575
MS,1988,2580352,PARCP,1888,0.000731683
MS,1989,2574269,PARCP,2055,0.000798285
MS,1990,2578897,PARCP,1940,0.00075226
MS,1991,2598733,PARCP,1687,0.000649162
MS,1992,2623734,PARCP,1572,0.000599146
MS,1993,2655100,PARCP,1991,0.000749878
MS,1994,2688992,PARCP,1949,0.000724807
MS,1995,2722659,PARCP,1758,0.000645692
MS,1996,2748085,PARCP,2163,0.000787094
MS,1997,2777004,PARCP,2022,0.000728123
MS,1998,2804834,PARCP,1922,0.000685246
MS,1999,2828408,PARCP,2102,0.000743174
MS,2000,2848353,PARCP,3607,0.001266346
MS,2001,2852994,PARCP,3734,0.001308801
MS,2002,2858681,PARCP,2637,0.000922453
MS,2003,2868312,PARCP,2054,0.000716101
MS,2004,2889010,PARCP,1961,0.000678779
MS,2005,2905943,PARCP,1749,0.00060187
MS,2006,2904978,PARCP,1652,0.000568679
MS,2007,2928350,PARCP,1659,0.000566531
MS,2008,2947806,PARCP,1988,0.0006744
MS,2009,2958774,PARCP,2061,0.000696572
MS,2010,2970322,PARCP,2031,0.000683764
MS,2011,2978162,PARCP,1722,0.000578209
MS,2012,2984945,PARCP,1272,0.000426139
MS,2013,2990482,PARCP,1479,0.000494569
MS,2014,2992400,PARCP,1669,0.000557746
MS,2015,2989390,PARCP,1343,0.000449256
MS,2016,2988726,PARCP,,
MT,1970,694409,PARCP,1106,0.001592721
MT,1971,711000,PARCP,1270,0.001786217
MT,1972,719000,PARCP,1492,0.002075104
MT,1973,727000,PARCP,1426,0.001961486
MT,1974,737000,PARCP,1532,0.002078697
MT,1975,749000,PARCP,1528,0.002040053
MT,1976,758000,PARCP,1604,0.002116095
MT,1977,771000,PARCP,1574,0.002041505
MT,1978,784000,PARCP,1888,0.002408163
MT,1979,789000,PARCP,1259,0.001595691
MT,1980,786690,PARCP,1220,0.001550801
MT,1981,795328,PARCP,759,0.000954323
MT,1982,803986,PARCP,1062,0.001320919
MT,1983,814031,PARCP,1333,0.00163753
MT,1984,820905,PARCP,799,0.000973316
MT,1985,822320,PARCP,901,0.001095681
MT,1986,813739,PARCP,957,0.001176053
MT,1987,805063,PARCP,905,0.001124136
MT,1988,800202,PARCP,904,0.001129715
MT,1989,799636,PARCP,1147,0.001434403
MT,1990,800204,PARCP,1077,0.001345907
MT,1991,809680,PARCP,966,0.001193064
MT,1992,825770,PARCP,757,0.00091672
MT,1993,844761,PARCP,770,0.0009115
MT,1994,861306,PARCP,687,0.000797626
MT,1995,876553,PARCP,674,0.000768921
MT,1996,886254,PARCP,827,0.000933141
MT,1997,889865,PARCP,833,0.000936097
MT,1998,892431,PARCP,489,0.000547942
MT,1999,897507,PARCP,557,0.000620608
MT,2000,903773,PARCP,1060,0.001172861
MT,2001,906961,PARCP,1077,0.001187482
MT,2002,911667,PARCP,1052,0.00115393
MT,2003,919630,PARCP,1598,0.001737655
MT,2004,930009,PARCP,2050,0.00220428
MT,2005,940102,PARCP,1902,0.002023185
MT,2006,952692,PARCP,1923,0.002018491
MT,2007,964706,PARCP,2187,0.002267012
MT,2008,976415,PARCP,2481,0.002540928
MT,2009,983982,PARCP,2477,0.002517322
MT,2010,990641,PARCP,2079,0.002098641
MT,2011,997821,PARCP,2164,0.002168726
MT,2012,1005196,PARCP,1759,0.001749907
MT,2013,1014314,PARCP,1711,0.001686854
MT,2014,1022867,PARCP,1774,0.001734341
MT,2015,1032073,PARCP,1794,0.001738249
MT,2016,1042520,PARCP,,
NC,1970,5084411,PARCP,21269,0.004183179
NC,1971,5201000,PARCP,20278,0.003898866
NC,1972,5296000,PARCP,19728,0.003725076
NC,1973,5382000,PARCP,18019,0.003348012
NC,1974,5461000,PARCP,14901,0.002728621
NC,1975,5535000,PARCP,14078,0.002543451
NC,1976,5593000,PARCP,15468,0.0027656
NC,1977,5668000,PARCP,15488,0.002732534
NC,1978,5739000,PARCP,14219,0.002477609
NC,1979,5802000,PARCP,14812,0.002552913
NC,1980,5881766,PARCP,12219,0.002077437
NC,1981,5956653,PARCP,9830,0.001650256
NC,1982,6019101,PARCP,9085,0.001509362
NC,1983,6077056,PARCP,9352,0.001538903
NC,1984,6164006,PARCP,13476,0.002186241
NC,1985,6253954,PARCP,12167,0.001945489
NC,1986,6321578,PARCP,11587,0.001832928
NC,1987,6403700,PARCP,13009,0.002031482
NC,1988,6480594,PARCP,13708,0.002115238
NC,1989,6565459,PARCP,12324,0.001877096
NC,1990,6664016,PARCP,9281,0.001392704
NC,1991,6784280,PARCP,9464,0.00139499
NC,1992,6897214,PARCP,10492,0.001521194
NC,1993,7042818,PARCP,10570,0.00150082
NC,1994,7187398,PARCP,9681,0.001346941
NC,1995,7344674,PARCP,11110,0.001512661
NC,1996,7500670,PARCP,12515,0.001668518
NC,1997,7656825,PARCP,11714,0.001529877
NC,1998,7809121,PARCP,11404,0.001460344
NC,1999,7949361,PARCP,10437,0.001312936
NC,2000,8081614,PARCP,11149,0.001379551
NC,2001,8210122,PARCP,11245,0.001369651
NC,2002,8326201,PARCP,9719,0.001167279
NC,2003,8422501,PARCP,11185,0.00132799
NC,2004,8553152,PARCP,11451,0.001338805
NC,2005,8705407,PARCP,9720,0.001116547
NC,2006,8917270,PARCP,8161,0.00091519
NC,2007,9118037,PARCP,7617,0.000835377
NC,2008,9309449,PARCP,8562,0.000919711
NC,2009,9449566,PARCP,7697,0.000814535
NC,2010,9558915,PARCP,8362,0.000874785
NC,2011,9650963,PARCP,6552,0.000678896
NC,2012,9746175,PARCP,4810,0.000493527
NC,2013,9841590,PARCP,5244,0.000532841
NC,2014,9934399,PARCP,5638,0.000567523
NC,2015,10035186,PARCP,5983,0.000596202
NC,2016,10146788,PARCP,,
ND,1970,617792,PARCP,2555,0.004135696
ND,1971,627000,PARCP,2315,0.003692185
ND,1972,631000,PARCP,2451,0.003884311
ND,1973,632000,PARCP,2078,0.003287975
ND,1974,634000,PARCP,1985,0.003130915
ND,1975,638000,PARCP,1958,0.003068966
ND,1976,645000,PARCP,1929,0.002990698
ND,1977,649000,PARCP,1628,0.002508475
ND,1978,651000,PARCP,1798,0.002761905
ND,1979,652000,PARCP,2355,0.003611963
ND,1980,652717,PARCP,1681,0.002575389
ND,1981,659505,PARCP,1722,0.002611049
ND,1982,668972,PARCP,1304,0.001949259
ND,1983,676688,PARCP,1373,0.002029
ND,1984,680497,PARCP,1265,0.001858935
ND,1985,676980,PARCP,1342,0.001982333
ND,1986,669512,PARCP,1732,0.002586959
ND,1987,661136,PARCP,1618,0.002447303
ND,1988,655331,PARCP,1763,0.002690244
ND,1989,646351,PARCP,1898,0.002936485
ND,1990,637685,PARCP,1628,0.002552985
ND,1991,635753,PARCP,1867,0.002936675
ND,1992,638223,PARCP,1706,0.002673047
ND,1993,641216,PARCP,1511,0.00235646
ND,1994,644804,PARCP,1355,0.002101414
ND,1995,647832,PARCP,1482,0.00228763
ND,1996,650382,PARCP,1752,0.002693801
ND,1997,649716,PARCP,2102,0.00323526
ND,1998,647532,PARCP,1608,0.002483275
ND,1999,644259,PARCP,1917,0.002975511
ND,2000,642023,PARCP,2294,0.003573081
ND,2001,639062,PARCP,2469,0.003863475
ND,2002,638168,PARCP,2197,0.003442667
ND,2003,638817,PARCP,2340,0.003663021
ND,2004,644705,PARCP,2387,0.003702469
ND,2005,646089,PARCP,2292,0.003547499
ND,2006,649422,PARCP,1851,0.002850227
ND,2007,652822,PARCP,1880,0.002879805
ND,2008,657569,PARCP,2323,0.003532709
ND,2009,664968,PARCP,1905,0.0028648
ND,2010,674526,PARCP,1769,0.002622582
ND,2011,685476,PARCP,1829,0.002668219
ND,2012,702087,PARCP,1498,0.002133639
ND,2013,724019,PARCP,1691,0.002335574
ND,2014,739904,PARCP,1740,0.002351656
ND,2015,756835,PARCP,1474,0.001947584
ND,2016,757952,PARCP,,
NE,1970,1485333,PARCP,4821,0.003245737
NE,1971,1504000,PARCP,4728,0.003143617
NE,1972,1518000,PARCP,5104,0.003362319
NE,1973,1528000,PARCP,4587,0.003001963
NE,1974,1538000,PARCP,3917,0.002546814
NE,1975,1541000,PARCP,3976,0.002580143
NE,1976,1549000,PARCP,4142,0.002673983
NE,1977,1554000,PARCP,3671,0.002362291
NE,1978,1561000,PARCP,3681,0.002358104
NE,1979,1564000,PARCP,2040,0.001304348
NE,1980,1569825,PARCP,1904,0.001212874
NE,1981,1578515,PARCP,1846,0.001169454
NE,1982,1581780,PARCP,1964,0.001241639
NE,1983,1584293,PARCP,2160,0.001363384
NE,1984,1588639,PARCP,1196,0.000752846
NE,1985,1584664,PARCP,1483,0.000935845
NE,1986,1574333,PARCP,1287,0.000817489
NE,1987,1566547,PARCP,1568,0.001000928
NE,1988,1571477,PARCP,1530,0.000973606
NE,1989,1574864,PARCP,1619,0.001028025
NE,1990,1581660,PARCP,1268,0.000801689
NE,1991,1595919,PARCP,1542,0.000966214
NE,1992,1611687,PARCP,1514,0.000939388
NE,1993,1625590,PARCP,1457,0.00089629
NE,1994,1639041,PARCP,1342,0.000818771
NE,1995,1656992,PARCP,1372,0.000828006
NE,1996,1673740,PARCP,1836,0.001096945
NE,1997,1686418,PARCP,1478,0.000876414
NE,1998,1695816,PARCP,1902,0.001121584
NE,1999,1704764,PARCP,1953,0.001145613
NE,2000,1713820,PARCP,2022,0.001179821
NE,2001,1719836,PARCP,1870,0.001087313
NE,2002,1728292,PARCP,2227,0.001288555
NE,2003,1738643,PARCP,2041,0.001173904
NE,2004,1749370,PARCP,1812,0.001035801
NE,2005,1761497,PARCP,1944,0.001103607
NE,2006,1772693,PARCP,1676,0.000945454
NE,2007,1783440,PARCP,1889,0.001059189
NE,2008,1796378,PARCP,2498,0.001390576
NE,2009,1812683,PARCP,2198,0.001212567
NE,2010,1830051,PARCP,2214,0.001209802
NE,2011,1842283,PARCP,2035,0.001104608
NE,2012,1855725,PARCP,1556,0.000838486
NE,2013,1868559,PARCP,1910,0.001022178
NE,2014,1881145,PARCP,1736,0.000922842
NE,2015,1893765,PARCP,1555,0.000821116
NE,2016,1907116,PARCP,,
NH,1970,737681,PARCP,7136,0.009673558
NH,1971,762000,PARCP,7492,0.009832021
NH,1972,782000,PARCP,7762,0.009925831
NH,1973,802000,PARCP,7583,0.009455112
NH,1974,817000,PARCP,6999,0.008566707
NH,1975,830000,PARCP,6687,0.008056627
NH,1976,847000,PARCP,8130,0.009598583
NH,1977,872000,PARCP,7637,0.008758028
NH,1978,894000,PARCP,7771,0.008692394
NH,1979,912000,PARCP,4992,0.005473684
NH,1980,920610,PARCP,4328,0.004701231
NH,1981,936621,PARCP,4168,0.004450039
NH,1982,947719,PARCP,3950,0.004167902
NH,1983,958134,PARCP,3827,0.003994222
NH,1984,976864,PARCP,4696,0.00480722
NH,1985,996753,PARCP,5181,0.005197878
NH,1986,1025053,PARCP,4819,0.00470122
NH,1987,1054289,PARCP,5921,0.005616107
NH,1988,1082577,PARCP,5785,0.005343731
NH,1989,1104522,PARCP,6593,0.005969098
NH,1990,1112384,PARCP,5466,0.004913771
NH,1991,1109929,PARCP,5413,0.004876889
NH,1992,1117784,PARCP,5595,0.005005439
NH,1993,1129458,PARCP,5644,0.004997087
NH,1994,1142560,PARCP,5793,0.005070193
NH,1995,1157561,PARCP,6154,0.00531635
NH,1996,1174719,PARCP,6552,0.005577504
NH,1997,1189425,PARCP,6440,0.005414381
NH,1998,1205940,PARCP,6431,0.005332769
NH,1999,1222014,PARCP,6462,0.005287992
NH,2000,1239882,PARCP,6457,0.005207754
NH,2001,1255517,PARCP,6339,0.005048916
NH,2002,1269089,PARCP,5892,0.0046427
NH,2003,1279840,PARCP,7444,0.005816352
NH,2004,1290121,PARCP,7760,0.00601494
NH,2005,1298492,PARCP,7158,0.005512548
NH,2006,1308389,PARCP,6368,0.004867054
NH,2007,1312540,PARCP,6449,0.004913374
NH,2008,1315906,PARCP,6531,0.00496312
NH,2009,1316102,PARCP,6129,0.004656934
NH,2010,1316872,PARCP,5368,0.004076326
NH,2011,1318473,PARCP,5596,0.004244304
NH,2012,1321182,PARCP,4733,0.003582398
NH,2013,1322687,PARCP,5624,0.004251951
NH,2014,1328743,PARCP,6668,0.005018277
NH,2015,1330111,PARCP,6551,0.004925153
NH,2016,1334795,PARCP,,
NJ,1970,7171112,PARCP,34448,0.004803718
NJ,1971,7282000,PARCP,34210,0.004697885
NJ,1972,7337000,PARCP,36903,0.005029712
NJ,1973,7335000,PARCP,37132,0.005062304
NJ,1974,7335000,PARCP,32514,0.00443272
NJ,1975,7341000,PARCP,31948,0.004351996
NJ,1976,7344000,PARCP,33131,0.004511302
NJ,1977,7342000,PARCP,31823,0.004334378
NJ,1978,7356000,PARCP,30079,0.004089043
NJ,1979,7373000,PARCP,22446,0.003044351
NJ,1980,7364823,PARCP,24933,0.003385417
NJ,1981,7407472,PARCP,24200,0.003266972
NJ,1982,7430968,PARCP,20398,0.002744999
NJ,1983,7467785,PARCP,17246,0.002309386
NJ,1984,7515473,PARCP,21161,0.002815658
NJ,1985,7565528,PARCP,21907,0.002895634
NJ,1986,7622159,PARCP,20811,0.002730329
NJ,1987,7670742,PARCP,21424,0.00279295
NJ,1988,7712333,PARCP,21692,0.002812638
NJ,1989,7726089,PARCP,19440,0.00251615
NJ,1990,7762963,PARCP,14760,0.001901336
NJ,1991,7814676,PARCP,14132,0.001808392
NJ,1992,7880508,PARCP,14474,0.001836684
NJ,1993,7948915,PARCP,13769,0.001732186
NJ,1994,8014306,PARCP,15185,0.001894737
NJ,1995,8083242,PARCP,13650,0.001688679
NJ,1996,8149596,PARCP,13959,0.001712846
NJ,1997,8218808,PARCP,12899,0.001569449
NJ,1998,8287418,PARCP,11005,0.001327917
NJ,1999,8359592,PARCP,11717,0.001401623
NJ,2000,8430621,PARCP,12291,0.0014579
NJ,2001,8492671,PARCP,11661,0.001373066
NJ,2002,8552643,PARCP,10607,0.001240201
NJ,2003,8601402,PARCP,12574,0.001461855
NJ,2004,8634561,PARCP,11503,0.001332204
NJ,2005,8651974,PARCP,10256,0.001185394
NJ,2006,8661679,PARCP,8231,0.000950278
NJ,2007,8677885,PARCP,9072,0.001045416
NJ,2008,8711090,PARCP,9598,0.001101814
NJ,2009,8755602,PARCP,8217,0.000938485
NJ,2010,8803729,PARCP,6974,0.000792164
NJ,2011,8841243,PARCP,6093,0.000689156
NJ,2012,8873211,PARCP,5280,0.00059505
NJ,2013,8899162,PARCP,5592,0.000628374
NJ,2014,8925001,PARCP,6257,0.000701064
NJ,2015,8935421,PARCP,5995,0.000670925
NJ,2016,8944469,PARCP,,
NM,1970,1017055,PARCP,1939,0.001906485
NM,1971,1053000,PARCP,1803,0.001712251
NM,1972,1078000,PARCP,2012,0.001866419
NM,1973,1104000,PARCP,1731,0.001567935
NM,1974,1130000,PARCP,1556,0.001376991
NM,1975,1163000,PARCP,1240,0.001066208
NM,1976,1195000,PARCP,1208,0.001010879
NM,1977,1225000,PARCP,1345,0.001097959
NM,1978,1252000,PARCP,1115,0.000890575
NM,1979,1281000,PARCP,1243,0.000970336
NM,1980,1302894,PARCP,1294,0.000993174
NM,1981,1332748,PARCP,884,0.000663291
NM,1982,1363823,PARCP,1228,0.00090041
NM,1983,1394361,PARCP,1523,0.001092257
NM,1984,1416717,PARCP,625,0.000441161
NM,1985,1438361,PARCP,2046,0.001422452
NM,1986,1462729,PARCP,999,0.00068297
NM,1987,1478520,PARCP,998,0.000674999
NM,1988,1490337,PARCP,878,0.000589128
NM,1989,1503901,PARCP,1181,0.000785291
NM,1990,1521574,PARCP,1635,0.001074545
NM,1991,1555305,PARCP,1297,0.00083392
NM,1992,1595442,PARCP,1058,0.000663139
NM,1993,1636453,PARCP,778,0.000475418
NM,1994,1682398,PARCP,746,0.000443415
NM,1995,1720394,PARCP,827,0.000480704
NM,1996,1752326,PARCP,821,0.00046852
NM,1997,1774839,PARCP,1041,0.000586532
NM,1998,1793484,PARCP,1523,0.000849185
NM,1999,1808082,PARCP,1989,0.001100061
NM,2000,1821204,PARCP,1954,0.001072917
NM,2001,1831690,PARCP,3289,0.00179561
NM,2002,1855309,PARCP,2622,0.001413242
NM,2003,1877574,PARCP,2031,0.001081715
NM,2004,1903808,PARCP,1813,0.000952302
NM,2005,1932274,PARCP,1959,0.001013831
NM,2006,1962137,PARCP,2036,0.001037644
NM,2007,1990070,PARCP,1729,0.000868814
NM,2008,2010662,PARCP,1811,0.000900698
NM,2009,2036802,PARCP,1816,0.000891594
NM,2010,2064756,PARCP,1638,0.000793314
NM,2011,2077756,PARCP,1462,0.000703644
NM,2012,2083784,PARCP,1292,0.000620026
NM,2013,2085193,PARCP,1522,0.000729908
NM,2014,2083024,PARCP,1206,0.000578966
NM,2015,2080328,PARCP,1077,0.000517707
NM,2016,2081015,PARCP,,
NV,1970,488738,PARCP,836,0.001710528
NV,1971,520000,PARCP,980,0.001884615
NV,1972,547000,PARCP,877,0.001603291
NV,1973,569000,PARCP,846,0.001486819
NV,1974,597000,PARCP,633,0.001060302
NV,1975,620000,PARCP,524,0.000845161
NV,1976,647000,PARCP,508,0.000785162
NV,1977,678000,PARCP,559,0.000824484
NV,1978,719000,PARCP,618,0.000859527
NV,1979,765000,PARCP,540,0.000705882
NV,1980,800493,PARCP,536,0.000669587
NV,1981,847655,PARCP,517,0.000609918
NV,1982,881537,PARCP,536,0.000608029
NV,1983,901977,PARCP,693,0.000768312
NV,1984,924922,PARCP,701,0.000757902
NV,1985,951030,PARCP,855,0.000899025
NV,1986,980613,PARCP,739,0.00075361
NV,1987,1023376,PARCP,723,0.000706485
NV,1988,1075022,PARCP,796,0.00074045
NV,1989,1137382,PARCP,966,0.000849319
NV,1990,1220695,PARCP,890,0.000729093
NV,1991,1296171,PARCP,830,0.000640348
NV,1992,1351367,PARCP,774,0.000572753
NV,1993,1411215,PARCP,786,0.000556967
NV,1994,1499298,PARCP,763,0.000508905
NV,1995,1581578,PARCP,598,0.000378103
NV,1996,1666320,PARCP,654,0.000392482
NV,1997,1764104,PARCP,743,0.000421177
NV,1998,1853191,PARCP,785,0.000423594
NV,1999,1934718,PARCP,947,0.000489477
NV,2000,2018741,PARCP,665,0.000329413
NV,2001,2098399,PARCP,649,0.000309283
NV,2002,2173791,PARCP,833,0.000383202
NV,2003,2248850,PARCP,560,0.000249016
NV,2004,2346222,PARCP,537,0.000228879
NV,2005,2432143,PARCP,679,0.000279178
NV,2006,2522658,PARCP,663,0.000262818
NV,2007,2601072,PARCP,646,0.000248359
NV,2008,2653630,PARCP,720,0.000271326
NV,2009,2684665,PARCP,818,0.000304694
NV,2010,2703284,PARCP,741,0.000274111
NV,2011,2718379,PARCP,712,0.000261921
NV,2012,2752565,PARCP,513,0.000186372
NV,2013,2786464,PARCP,691,0.000247985
NV,2014,2833013,PARCP,512,0.000180726
NV,2015,2883758,PARCP,522,0.000181014
NV,2016,2940058,PARCP,,
NY,1970,18241391,PARCP,68259,0.003741984
NY,1971,18365000,PARCP,67779,0.003690662
NY,1972,18352000,PARCP,70539,0.003843668
NY,1973,18195000,PARCP,70023,0.003848475
NY,1974,18073000,PARCP,64481,0.003567808
NY,1975,18032000,PARCP,62533,0.00346789
NY,1976,17975000,PARCP,69639,0.003874214
NY,1977,17851000,PARCP,68837,0.003856199
NY,1978,17720000,PARCP,68080,0.003841986
NY,1979,17634000,PARCP,48764,0.00276534
NY,1980,17558072,PARCP,41714,0.002375773
NY,1981,17567734,PARCP,38999,0.002219922
NY,1982,17589738,PARCP,35789,0.002034652
NY,1983,17686905,PARCP,33626,0.001901181
NY,1984,17745684,PARCP,40854,0.002302194
NY,1985,17791672,PARCP,40784,0.002292308
NY,1986,17833419,PARCP,43193,0.002422026
NY,1987,17868848,PARCP,48098,0.002691724
NY,1988,17941309,PARCP,49269,0.002746121
NY,1989,17983086,PARCP,45044,0.002504798
NY,1990,18020784,PARCP,37023,0.002054461
NY,1991,18122510,PARCP,35690,0.001969374
NY,1992,18246653,PARCP,38355,0.002102029
NY,1993,18374954,PARCP,36117,0.001965556
NY,1994,18459470,PARCP,35150,0.001904172
NY,1995,18524104,PARCP,34004,0.001835662
NY,1996,18588460,PARCP,36214,0.001948198
NY,1997,18656546,PARCP,35124,0.001882664
NY,1998,18755906,PARCP,32466,0.001730975
NY,1999,18882725,PARCP,34973,0.001852116
NY,2000,19001780,PARCP,43266,0.002276945
NY,2001,19082838,PARCP,43198,0.002263709
NY,2002,19137800,PARCP,39522,0.002065128
NY,2003,19175939,PARCP,41448,0.002161459
NY,2004,19171567,PARCP,41447,0.002161899
NY,2005,19132610,PARCP,41917,0.002190867
NY,2006,19104631,PARCP,32755,0.001714506
NY,2007,19132335,PARCP,36190,0.001891562
NY,2008,19212436,PARCP,34685,0.001805341
NY,2009,19307066,PARCP,27668,0.00143305
NY,2010,19402640,PARCP,26572,0.001369504
NY,2011,19519529,PARCP,24261,0.001242909
NY,2012,19602769,PARCP,26763,0.001365266
NY,2013,19673546,PARCP,23728,0.001206087
NY,2014,19718515,PARCP,26457,0.001341734
NY,2015,19747183,PARCP,27134,0.001374069
NY,2016,19745289,PARCP,,
OH,1970,10657423,PARCP,16136,0.001514062
OH,1971,10735000,PARCP,16047,0.00149483
OH,1972,10747000,PARCP,17243,0.001604448
OH,1973,10767000,PARCP,17863,0.001659051
OH,1974,10766000,PARCP,17271,0.001604217
OH,1975,10770000,PARCP,17644,0.001638254
OH,1976,10753000,PARCP,21341,0.001984655
OH,1977,10771000,PARCP,21992,0.002041779
OH,1978,10795000,PARCP,21378,0.001980361
OH,1979,10799000,PARCP,12503,0.001157792
OH,1980,10797630,PARCP,10966,0.001015593
OH,1981,10788330,PARCP,9454,0.000876317
OH,1982,10757087,PARCP,8003,0.000743975
OH,1983,10737632,PARCP,7091,0.000660388
OH,1984,10737746,PARCP,8078,0.000752299
OH,1985,10734926,PARCP,8878,0.00082702
OH,1986,10730268,PARCP,9400,0.000876027
OH,1987,10760090,PARCP,9654,0.000897204
OH,1988,10798552,PARCP,10090,0.000934385
OH,1989,10829217,PARCP,10657,0.000984097
OH,1990,10864162,PARCP,9510,0.000875355
OH,1991,10945762,PARCP,9275,0.00084736
OH,1992,11029431,PARCP,9284,0.000841748
OH,1993,11101140,PARCP,9980,0.000899007
OH,1994,11152454,PARCP,9724,0.000871916
OH,1995,11202751,PARCP,9655,0.000861842
OH,1996,11242827,PARCP,11184,0.000994768
OH,1997,11277357,PARCP,10475,0.000928852
OH,1998,11311536,PARCP,9182,0.000811738
OH,1999,11335454,PARCP,12105,0.001067888
OH,2000,11363543,PARCP,9796,0.000862055
OH,2001,11387404,PARCP,7456,0.000654759
OH,2002,11407889,PARCP,8693,0.000762017
OH,2003,11434788,PARCP,9912,0.000866828
OH,2004,11452251,PARCP,8754,0.000764391
OH,2005,11463320,PARCP,8170,0.000712708
OH,2006,11481213,PARCP,7182,0.000625544
OH,2007,11500468,PARCP,7794,0.000677712
OH,2008,11515391,PARCP,7716,0.00067006
OH,2009,11528896,PARCP,7934,0.000688184
OH,2010,11540983,PARCP,7081,0.000613553
OH,2011,11544824,PARCP,6706,0.000580866
OH,2012,11550839,PARCP,5338,0.000462131
OH,2013,11570022,PARCP,5785,0.000499999
OH,2014,11594408,PARCP,5986,0.000516283
OH,2015,11605090,PARCP,5559,0.000479014
OH,2016,11614373,PARCP,,
OK,1970,2559463,PARCP,5802,0.002266882
OK,1971,2618000,PARCP,5560,0.002123759
OK,1972,2657000,PARCP,5855,0.002203613
OK,1973,2694000,PARCP,5637,0.002092428
OK,1974,2732000,PARCP,5282,0.001933382
OK,1975,2772000,PARCP,5610,0.00202381
OK,1976,2823000,PARCP,5716,0.002024796
OK,1977,2866000,PARCP,5632,0.001965108
OK,1978,2913000,PARCP,5645,0.001937865
OK,1979,2970000,PARCP,1882,0.00063367
OK,1980,3025290,PARCP,1778,0.000587712
OK,1981,3096164,PARCP,1981,0.000639824
OK,1982,3206123,PARCP,2172,0.000677454
OK,1983,3290402,PARCP,2653,0.000806284
OK,1984,3285533,PARCP,1722,0.000524116
OK,1985,3271332,PARCP,2124,0.000649277
OK,1986,3252735,PARCP,1504,0.00046238
OK,1987,3210122,PARCP,1382,0.000430513
OK,1988,3167057,PARCP,1365,0.000431
OK,1989,3150307,PARCP,1514,0.000480588
OK,1990,3148825,PARCP,1272,0.00040396
OK,1991,3175440,PARCP,1370,0.000431436
OK,1992,3220517,PARCP,1114,0.000345907
OK,1993,3252285,PARCP,1281,0.000393877
OK,1994,3280940,PARCP,1192,0.000363311
OK,1995,3308208,PARCP,1217,0.000367873
OK,1996,3340129,PARCP,1658,0.000496388
OK,1997,3372917,PARCP,1536,0.000455392
OK,1998,3405194,PARCP,1617,0.000474863
OK,1999,3437147,PARCP,2281,0.000663632
OK,2000,3454365,PARCP,2644,0.000765408
OK,2001,3467100,PARCP,2468,0.000711834
OK,2002,3489080,PARCP,3020,0.000865558
OK,2003,3504892,PARCP,2277,0.000649663
OK,2004,3525233,PARCP,2052,0.000582089
OK,2005,3548597,PARCP,1881,0.000530069
OK,2006,3594090,PARCP,1981,0.000551183
OK,2007,3634349,PARCP,2504,0.000688982
OK,2008,3668976,PARCP,2135,0.000581906
OK,2009,3717572,PARCP,2004,0.000539062
OK,2010,3759603,PARCP,2150,0.000571869
OK,2011,3786274,PARCP,1843,0.000486758
OK,2012,3817054,PARCP,1512,0.000396117
OK,2013,3852415,PARCP,1986,0.000515521
OK,2014,3877499,PARCP,1841,0.000474791
OK,2015,3907414,PARCP,1714,0.000438653
OK,2016,3923561,PARCP,,
OR,1970,2091533,PARCP,3850,0.001840755
OR,1971,2150000,PARCP,4032,0.001875349
OR,1972,2195000,PARCP,3977,0.001811845
OR,1973,2239000,PARCP,3627,0.00161992
OR,1974,2281000,PARCP,3144,0.001378343
OR,1975,2325000,PARCP,2723,0.001171183
OR,1976,2372000,PARCP,2979,0.001255902
OR,1977,2439000,PARCP,3480,0.001426814
OR,1978,2510000,PARCP,3307,0.00131753
OR,1979,2578000,PARCP,3245,0.001258728
OR,1980,2633105,PARCP,2508,0.000952488
OR,1981,2667982,PARCP,3102,0.001162677
OR,1982,2664922,PARCP,2653,0.000995526
OR,1983,2653066,PARCP,2442,0.000920444
OR,1984,2666588,PARCP,2534,0.000950278
OR,1985,2672652,PARCP,2756,0.001031186
OR,1986,2683528,PARCP,2439,0.000908878
OR,1987,2700991,PARCP,1821,0.000674197
OR,1988,2741297,PARCP,1973,0.000719732
OR,1989,2790575,PARCP,2232,0.000799835
OR,1990,2860375,PARCP,1904,0.000665647
OR,1991,2928507,PARCP,1879,0.000641624
OR,1992,2991755,PARCP,1575,0.000526447
OR,1993,3060367,PARCP,1936,0.000632604
OR,1994,3121264,PARCP,1896,0.000607446
OR,1995,3184369,PARCP,1687,0.000529775
OR,1996,3247111,PARCP,1611,0.000496133
OR,1997,3304310,PARCP,1416,0.000428531
OR,1998,3352449,PARCP,1403,0.0004185
OR,1999,3393941,PARCP,1599,0.000471134
OR,2000,3429708,PARCP,1660,0.000484006
OR,2001,3467937,PARCP,1773,0.000511255
OR,2002,3513424,PARCP,1728,0.000491828
OR,2003,3547376,PARCP,1669,0.000470489
OR,2004,3569463,PARCP,1167,0.00032694
OR,2005,3613202,PARCP,1383,0.000382763
OR,2006,3670883,PARCP,1226,0.00033398
OR,2007,3722417,PARCP,1071,0.000287716
OR,2008,3768748,PARCP,1320,0.000350249
OR,2009,3808600,PARCP,1381,0.0003626
OR,2010,3838048,PARCP,1113,0.000289991
OR,2011,3868031,PARCP,1091,0.000282056
OR,2012,3899116,PARCP,887,0.000227487
OR,2013,3925751,PARCP,985,0.000250907
OR,2014,3968371,PARCP,952,0.000239897
OR,2015,4024634,PARCP,790,0.000196291
OR,2016,4093465,PARCP,,
PA,1970,11800766,PARCP,36222,0.003069462
PA,1971,11884000,PARCP,36623,0.003081706
PA,1972,11905000,PARCP,39924,0.003353549
PA,1973,11885000,PARCP,39271,0.003304249
PA,1974,11864000,PARCP,36117,0.003044252
PA,1975,11898000,PARCP,35409,0.002976046
PA,1976,11887000,PARCP,38865,0.003269538
PA,1977,11882000,PARCP,38999,0.003282192
PA,1978,11865000,PARCP,36568,0.003082006
PA,1979,11874000,PARCP,35607,0.002998737
PA,1980,11863895,PARCP,31556,0.002659835
PA,1981,11858567,PARCP,27753,0.002340333
PA,1982,11845146,PARCP,24412,0.002060929
PA,1983,11837723,PARCP,23765,0.002007565
PA,1984,11815172,PARCP,29811,0.002523112
PA,1985,11770862,PARCP,28999,0.002463626
PA,1986,11782752,PARCP,25694,0.002180645
PA,1987,11810866,PARCP,25844,0.002188155
PA,1988,11845752,PARCP,27577,0.002328008
PA,1989,11865996,PARCP,29194,0.002460308
PA,1990,11903299,PARCP,23744,0.001994741
PA,1991,11982164,PARCP,24252,0.002024008
PA,1992,12049450,PARCP,24747,0.002053787
PA,1993,12119724,PARCP,26383,0.002176865
PA,1994,12166050,PARCP,25977,0.002135204
PA,1995,12198403,PARCP,25006,0.00204994
PA,1996,12220464,PARCP,25983,0.002126188
PA,1997,12227814,PARCP,24534,0.002006409
PA,1998,12245672,PARCP,22112,0.001805699
PA,1999,12263805,PARCP,24877,0.00202849
PA,2000,12284173,PARCP,27530,0.002241095
PA,2001,12298970,PARCP,26715,0.002172133
PA,2002,12331031,PARCP,25913,0.002101446
PA,2003,12374658,PARCP,28808,0.002327984
PA,2004,12410722,PARCP,28495,0.002295999
PA,2005,12449990,PARCP,25654,0.002060564
PA,2006,12510809,PARCP,22219,0.001775984
PA,2007,12563937,PARCP,22593,0.001798242
PA,2008,12612285,PARCP,32205,0.002553463
PA,2009,12666858,PARCP,19608,0.001547977
PA,2010,12712343,PARCP,20962,0.001648949
PA,2011,12744293,PARCP,19439,0.00152531
PA,2012,12771854,PARCP,16869,0.001320795
PA,2013,12781338,PARCP,18909,0.001479423
PA,2014,12790565,PARCP,21066,0.001646995
PA,2015,12791904,PARCP,19793,0.001547307
PA,2016,12784227,PARCP,,
RI,1970,949722,PARCP,6294,0.006627202
RI,1971,964000,PARCP,6575,0.006820539
RI,1972,976000,PARCP,6811,0.006978484
RI,1973,978000,PARCP,6325,0.00646728
RI,1974,953000,PARCP,5692,0.005972718
RI,1975,946000,PARCP,5598,0.005917548
RI,1976,950000,PARCP,6106,0.006427368
RI,1977,955000,PARCP,5976,0.006257592
RI,1978,957000,PARCP,5618,0.005870428
RI,1979,957000,PARCP,5088,0.005316614
RI,1980,947154,PARCP,3441,0.003632989
RI,1981,953013,PARCP,2709,0.002842564
RI,1982,954170,PARCP,2683,0.002811868
RI,1983,956382,PARCP,3062,0.00320165
RI,1984,961894,PARCP,3649,0.003793557
RI,1985,968955,PARCP,4167,0.004300509
RI,1986,977341,PARCP,3705,0.003790898
RI,1987,989604,PARCP,3990,0.004031916
RI,1988,996408,PARCP,4426,0.004441956
RI,1989,1000666,PARCP,3804,0.003801468
RI,1990,1005995,PARCP,3290,0.003270394
RI,1991,1010649,PARCP,3366,0.003330533
RI,1992,1012581,PARCP,4049,0.003998692
RI,1993,1015112,PARCP,3788,0.003731608
RI,1994,1015960,PARCP,4196,0.004130084
RI,1995,1017002,PARCP,3714,0.00365191
RI,1996,1020893,PARCP,3788,0.003710477
RI,1997,1025353,PARCP,3891,0.003794791
RI,1998,1031155,PARCP,3598,0.003489291
RI,1999,1040402,PARCP,3415,0.003282385
RI,2000,1050268,PARCP,3544,0.003374377
RI,2001,1057142,PARCP,3822,0.003615408
RI,2002,1065995,PARCP,3623,0.003398703
RI,2003,1071342,PARCP,4091,0.003818575
RI,2004,1074579,PARCP,4115,0.003829407
RI,2005,1067916,PARCP,3974,0.003721266
RI,2006,1063096,PARCP,3088,0.002904724
RI,2007,1057315,PARCP,3188,0.003015185
RI,2008,1055003,PARCP,3083,0.002922267
RI,2009,1053646,PARCP,3289,0.003121542
RI,2010,1053337,PARCP,3137,0.002978154
RI,2011,1052451,PARCP,2918,0.002772576
RI,2012,1052901,PARCP,2855,0.002711556
RI,2013,1053033,PARCP,3035,0.002882151
RI,2014,1054480,PARCP,3031,0.002874403
RI,2015,1055607,PARCP,3264,0.00309206
RI,2016,1056426,PARCP,,
SC,1970,2590713,PARCP,5814,0.00224417
SC,1971,2662000,PARCP,6111,0.002295642
SC,1972,2718000,PARCP,5922,0.002178808
SC,1973,2775000,PARCP,5429,0.001956396
SC,1974,2843000,PARCP,4279,0.0015051
SC,1975,2900000,PARCP,3935,0.001356897
SC,1976,2941000,PARCP,4804,0.001633458
SC,1977,2989000,PARCP,4745,0.001587487
SC,1978,3041000,PARCP,4223,0.001388688
SC,1979,3087000,PARCP,4100,0.00132815
SC,1980,3121820,PARCP,3972,0.001272335
SC,1981,3179255,PARCP,3214,0.001010929
SC,1982,3207614,PARCP,2689,0.000838318
SC,1983,3234066,PARCP,2905,0.00089825
SC,1984,3271868,PARCP,3819,0.001167223
SC,1985,3303209,PARCP,3966,0.001200651
SC,1986,3342758,PARCP,3627,0.001085032
SC,1987,3380506,PARCP,4308,0.001274365
SC,1988,3412096,PARCP,4118,0.001206883
SC,1989,3456775,PARCP,4259,0.001232073
SC,1990,3501155,PARCP,3077,0.000878853
SC,1991,3570404,PARCP,3441,0.000963756
SC,1992,3620464,PARCP,2914,0.000804869
SC,1993,3663314,PARCP,3224,0.000880077
SC,1994,3705397,PARCP,2839,0.00076618
SC,1995,3748582,PARCP,2824,0.000753352
SC,1996,3796200,PARCP,2814,0.000741268
SC,1997,3859696,PARCP,2715,0.000703423
SC,1998,3919235,PARCP,2484,0.000633797
SC,1999,3974682,PARCP,2618,0.000658669
SC,2000,4024223,PARCP,2793,0.000694047
SC,2001,4064995,PARCP,2102,0.000517098
SC,2002,4107795,PARCP,2195,0.00053435
SC,2003,4150297,PARCP,2415,0.000581886
SC,2004,4210921,PARCP,2505,0.000594882
SC,2005,4270150,PARCP,2383,0.00055806
SC,2006,4357847,PARCP,1905,0.000437142
SC,2007,4444110,PARCP,1700,0.000382529
SC,2008,4528996,PARCP,1735,0.000383087
SC,2009,4589872,PARCP,1661,0.000361884
SC,2010,4635943,PARCP,1891,0.0004079
SC,2011,4672637,PARCP,1437,0.000307535
SC,2012,4720760,PARCP,1094,0.000231742
SC,2013,4767894,PARCP,1180,0.000247489
SC,2014,4828430,PARCP,1266,0.000262197
SC,2015,4894834,PARCP,1095,0.000223705
SC,2016,4961119,PARCP,,
SD,1970,666257,PARCP,2761,0.004144047
SD,1971,671000,PARCP,2636,0.003928465
SD,1972,677000,PARCP,3000,0.004431315
SD,1973,679000,PARCP,2677,0.003942563
SD,1974,680000,PARCP,2397,0.003525
SD,1975,681000,PARCP,2545,0.003737151
SD,1976,687000,PARCP,2419,0.003521106
SD,1977,689000,PARCP,2363,0.003429608
SD,1978,689000,PARCP,2496,0.003622642
SD,1979,689000,PARCP,2040,0.002960813
SD,1980,690768,PARCP,1922,0.00278241
SD,1981,689584,PARCP,1629,0.002362294
SD,1982,690597,PARCP,1830,0.002649881
SD,1983,693008,PARCP,1747,0.002520894
SD,1984,697249,PARCP,1366,0.001959128
SD,1985,698402,PARCP,1501,0.002149192
SD,1986,696034,PARCP,1949,0.002800151
SD,1987,696036,PARCP,2240,0.003218224
SD,1988,698165,PARCP,1915,0.002742905
SD,1989,696701,PARCP,2459,0.003529491
SD,1990,697101,PARCP,2648,0.003798589
SD,1991,703669,PARCP,1854,0.002634762
SD,1992,712801,PARCP,1467,0.002058078
SD,1993,722159,PARCP,1937,0.002682235
SD,1994,730790,PARCP,1754,0.002400142
SD,1995,737925,PARCP,1871,0.002535488
SD,1996,742213,PARCP,2461,0.00331576
SD,1997,744223,PARCP,2243,0.003013882
SD,1998,746058,PARCP,1819,0.002438148
SD,1999,750412,PARCP,1718,0.002289409
SD,2000,755844,PARCP,1997,0.00264208
SD,2001,757972,PARCP,1728,0.002279768
SD,2002,760020,PARCP,1847,0.002430199
SD,2003,763729,PARCP,1847,0.002418397
SD,2004,770396,PARCP,1501,0.001948349
SD,2005,775493,PARCP,1462,0.001885252
SD,2006,783033,PARCP,1358,0.001734282
SD,2007,791623,PARCP,1452,0.001834206
SD,2008,799124,PARCP,1924,0.002407636
SD,2009,807067,PARCP,1696,0.002101436
SD,2010,816325,PARCP,1445,0.001770128
SD,2011,824398,PARCP,1366,0.001656967
SD,2012,834441,PARCP,1175,0.001408128
SD,2013,844922,PARCP,1326,0.001569376
SD,2014,852561,PARCP,1178,0.001381719
SD,2015,857919,PARCP,1051,0.001225057
SD,2016,865454,PARCP,,
TN,1970,3926018,PARCP,4382,0.001116144
TN,1971,4010000,PARCP,4419,0.001101995
TN,1972,4088000,PARCP,4278,0.001046477
TN,1973,4138000,PARCP,4686,0.001132431
TN,1974,4202000,PARCP,4104,0.000976678
TN,1975,4261000,PARCP,4163,0.000977001
TN,1976,4329000,PARCP,4511,0.001042042
TN,1977,4402000,PARCP,4231,0.000961154
TN,1978,4462000,PARCP,4015,0.000899821
TN,1979,4533000,PARCP,2639,0.000582175
TN,1980,4591120,PARCP,2273,0.000495086
TN,1981,4627658,PARCP,2096,0.000452929
TN,1982,4646041,PARCP,1968,0.000423586
TN,1983,4659749,PARCP,2209,0.00047406
TN,1984,4686737,PARCP,2127,0.000453834
TN,1985,4715296,PARCP,2147,0.000455327
TN,1986,4738708,PARCP,1849,0.000390191
TN,1987,4782927,PARCP,2028,0.000424008
TN,1988,4822437,PARCP,2517,0.000521935
TN,1989,4854444,PARCP,2768,0.000570199
TN,1990,4894492,PARCP,2218,0.000453162
TN,1991,4966587,PARCP,2362,0.000475578
TN,1992,5049742,PARCP,2594,0.00051369
TN,1993,5137584,PARCP,2593,0.000504712
TN,1994,5231438,PARCP,2707,0.000517449
TN,1995,5326936,PARCP,2641,0.000495782
TN,1996,5416643,PARCP,3420,0.000631387
TN,1997,5499233,PARCP,3110,0.000565533
TN,1998,5570045,PARCP,2949,0.000529439
TN,1999,5638706,PARCP,3529,0.000625853
TN,2000,5703719,PARCP,3805,0.000667109
TN,2001,5750789,PARCP,2962,0.00051506
TN,2002,5795918,PARCP,3311,0.000571264
TN,2003,5847812,PARCP,2945,0.000503607
TN,2004,5910809,PARCP,3041,0.000514481
TN,2005,5991057,PARCP,2911,0.000485891
TN,2006,6088766,PARCP,2655,0.000436049
TN,2007,6175727,PARCP,2622,0.000424565
TN,2008,6247411,PARCP,2264,0.00036239
TN,2009,6306019,PARCP,2815,0.000446399
TN,2010,6356671,PARCP,3104,0.000488306
TN,2011,6397634,PARCP,2055,0.000321212
TN,2012,6454306,PARCP,1230,0.00019057
TN,2013,6494821,PARCP,1485,0.000228644
TN,2014,6544663,PARCP,1854,0.000283284
TN,2015,6595056,PARCP,1661,0.000251855
TN,2016,6651194,PARCP,,
TX,1970,11198657,PARCP,14062,0.001255686
TX,1971,11510000,PARCP,13532,0.001175673
TX,1972,11759000,PARCP,14112,0.001200102
TX,1973,12019000,PARCP,12941,0.001076712
TX,1974,12268000,PARCP,11524,0.000939354
TX,1975,12568000,PARCP,10613,0.000844446
TX,1976,12903000,PARCP,10898,0.00084461
TX,1977,13192000,PARCP,10322,0.000782444
TX,1978,13498000,PARCP,11460,0.000849015
TX,1979,13887000,PARCP,6350,0.000457262
TX,1980,14229191,PARCP,5739,0.000403326
TX,1981,14746318,PARCP,5756,0.000390335
TX,1982,15331415,PARCP,4652,0.000303429
TX,1983,15751676,PARCP,5531,0.000351137
TX,1984,16007086,PARCP,4954,0.000309488
TX,1985,16272734,PARCP,6693,0.000411302
TX,1986,16561113,PARCP,6026,0.000363864
TX,1987,16621791,PARCP,6469,0.000389188
TX,1988,16667022,PARCP,5680,0.000340793
TX,1989,16806735,PARCP,5954,0.000354263
TX,1990,17056755,PARCP,5562,0.000326088
TX,1991,17398005,PARCP,3682,0.000211633
TX,1992,17759738,PARCP,3136,0.000176579
TX,1993,18161612,PARCP,3348,0.000184345
TX,1994,18564062,PARCP,3298,0.000177655
TX,1995,18958751,PARCP,3023,0.000159451
TX,1996,19340342,PARCP,2125,0.000109874
TX,1997,19740317,PARCP,3206,0.000162409
TX,1998,20157531,PARCP,4139,0.000205333
TX,1999,20558220,PARCP,8237,0.000400667
TX,2000,20944499,PARCP,9738,0.000464943
TX,2001,21319622,PARCP,11083,0.00051985
TX,2002,21690325,PARCP,9896,0.00045624
TX,2003,22030931,PARCP,8501,0.000385867
TX,2004,22394023,PARCP,6847,0.000305751
TX,2005,22778123,PARCP,7979,0.000350292
TX,2006,23359580,PARCP,6062,0.000259508
TX,2007,23831983,PARCP,6622,0.000277862
TX,2008,24309039,PARCP,6272,0.000258011
TX,2009,24801761,PARCP,5364,0.000216275
TX,2010,25244310,PARCP,5357,0.000212206
TX,2011,25646389,PARCP,4735,0.000184626
TX,2012,26071655,PARCP,3885,0.000149012
TX,2013,26473525,PARCP,4635,0.000175081
TX,2014,26944751,PARCP,4568,0.000169532
TX,2015,27429639,PARCP,4699,0.000171311
TX,2016,27862596,PARCP,,
UT,1970,1059273,PARCP,639,0.000603244
UT,1971,1101000,PARCP,755,0.00068574
UT,1972,1135000,PARCP,834,0.000734802
UT,1973,1169000,PARCP,809,0.000692044
UT,1974,1199000,PARCP,791,0.000659716
UT,1975,1234000,PARCP,758,0.000614263
UT,1976,1272000,PARCP,758,0.000595912
UT,1977,1316000,PARCP,666,0.000506079
UT,1978,1364000,PARCP,677,0.000496334
UT,1979,1416000,PARCP,467,0.000329802
UT,1980,1461037,PARCP,357,0.000244347
UT,1981,1515471,PARCP,369,0.000243489
UT,1982,1558314,PARCP,473,0.000303533
UT,1983,1594943,PARCP,574,0.000359887
UT,1984,1622342,PARCP,605,0.000372918
UT,1985,1642910,PARCP,521,0.00031712
UT,1986,1662834,PARCP,513,0.000308509
UT,1987,1678119,PARCP,556,0.000331323
UT,1988,1689372,PARCP,573,0.000339179
UT,1989,1705864,PARCP,507,0.00029721
UT,1990,1731223,PARCP,442,0.000255311
UT,1991,1779780,PARCP,427,0.000239917
UT,1992,1836799,PARCP,333,0.000181294
UT,1993,1898404,PARCP,276,0.000145385
UT,1994,1960446,PARCP,215,0.000109669
UT,1995,2014177,PARCP,223,0.000110715
UT,1996,2067976,PARCP,255,0.000123309
UT,1997,2119784,PARCP,437,0.000206153
UT,1998,2165960,PARCP,179,8.26E-05
UT,1999,2203482,PARCP,303,0.00013751
UT,2000,2244502,PARCP,498,0.000221875
UT,2001,2283715,PARCP,801,0.000350744
UT,2002,2324815,PARCP,522,0.000224534
UT,2003,2360137,PARCP,448,0.000189819
UT,2004,2401580,PARCP,508,0.000211527
UT,2005,2457719,PARCP,579,0.000235584
UT,2006,2525507,PARCP,675,0.000267273
UT,2007,2597746,PARCP,608,0.000234049
UT,2008,2663029,PARCP,684,0.00025685
UT,2009,2723421,PARCP,667,0.000244913
UT,2010,2775326,PARCP,463,0.000166827
UT,2011,2816124,PARCP,552,0.000196014
UT,2012,2855782,PARCP,449,0.000157225
UT,2013,2902663,PARCP,574,0.000197749
UT,2014,2941836,PARCP,450,0.000152966
UT,2015,2990632,PARCP,396,0.000132413
UT,2016,3051217,PARCP,,
VA,1970,4651448,PARCP,15462,0.003324126
VA,1971,4753000,PARCP,15245,0.003207448
VA,1972,4828000,PARCP,15081,0.003123654
VA,1973,4907000,PARCP,14376,0.002929692
VA,1974,4978000,PARCP,12550,0.002521093
VA,1975,5056000,PARCP,12440,0.002460443
VA,1976,5133000,PARCP,13117,0.002555426
VA,1977,5206000,PARCP,13516,0.002596235
VA,1978,5284000,PARCP,11916,0.00225511
VA,1979,5324000,PARCP,16487,0.003096732
VA,1980,5346818,PARCP,10030,0.001875882
VA,1981,5444097,PARCP,7643,0.001403906
VA,1982,5492783,PARCP,7168,0.001304985
VA,1983,5564657,PARCP,7867,0.001413744
VA,1984,5643870,PARCP,11008,0.001950435
VA,1985,5715153,PARCP,10844,0.001897412
VA,1986,5811700,PARCP,10982,0.001889636
VA,1987,5932268,PARCP,11313,0.001907028
VA,1988,6036909,PARCP,12089,0.002002515
VA,1989,6120246,PARCP,10984,0.001794699
VA,1990,6216884,PARCP,8988,0.00144574
VA,1991,6301217,PARCP,8560,0.001358468
VA,1992,6414307,PARCP,8855,0.001380508
VA,1993,6509630,PARCP,8758,0.001345391
VA,1994,6593139,PARCP,8743,0.001326075
VA,1995,6670693,PARCP,8762,0.001313507
VA,1996,6750884,PARCP,9954,0.001474474
VA,1997,6829183,PARCP,9644,0.001412175
VA,1998,6900918,PARCP,9247,0.001339967
VA,1999,7000174,PARCP,8924,0.001274825
VA,2000,7105817,PARCP,10219,0.001438118
VA,2001,7198362,PARCP,9500,0.001319745
VA,2002,7286873,PARCP,8353,0.001146308
VA,2003,7366977,PARCP,9711,0.00131818
VA,2004,7475575,PARCP,10382,0.001388789
VA,2005,7577105,PARCP,10010,0.001321085
VA,2006,7673725,PARCP,8214,0.001070406
VA,2007,7751000,PARCP,8012,0.001033673
VA,2008,7833496,PARCP,7398,0.000944406
VA,2009,7925937,PARCP,6827,0.000861349
VA,2010,8025773,PARCP,7005,0.000872813
VA,2011,8110035,PARCP,6224,0.000767444
VA,2012,8192048,PARCP,4849,0.000591915
VA,2013,8262692,PARCP,5648,0.000683554
VA,2014,8317372,PARCP,5448,0.000655015
VA,2015,8367587,PARCP,5362,0.000640806
VA,2016,8411808,PARCP,,
VT,1970,444732,PARCP,4596,0.010334314
VT,1971,454000,PARCP,4398,0.009687225
VT,1972,463000,PARCP,4767,0.010295896
VT,1973,469000,PARCP,4805,0.010245203
VT,1974,473000,PARCP,4076,0.008617336
VT,1975,480000,PARCP,3783,0.00788125
VT,1976,485000,PARCP,4447,0.009169072
VT,1977,492000,PARCP,4107,0.008347561
VT,1978,498000,PARCP,4203,0.008439759
VT,1979,506000,PARCP,3807,0.007523715
VT,1980,511456,PARCP,2688,0.005255584
VT,1981,515594,PARCP,2492,0.00483326
VT,1982,519109,PARCP,1884,0.003629296
VT,1983,523302,PARCP,2618,0.005002847
VT,1984,526660,PARCP,3196,0.006068431
VT,1985,530035,PARCP,3481,0.006567491
VT,1986,534066,PARCP,2841,0.005319567
VT,1987,540267,PARCP,3010,0.005571319
VT,1988,549763,PARCP,3260,0.005929828
VT,1989,557707,PARCP,3618,0.006487277
VT,1990,564798,PARCP,3380,0.00598444
VT,1991,568606,PARCP,3562,0.006264443
VT,1992,572751,PARCP,3905,0.006817972
VT,1993,577748,PARCP,3734,0.006463025
VT,1994,583836,PARCP,3584,0.00613871
VT,1995,589002,PARCP,3487,0.005920184
VT,1996,593701,PARCP,3682,0.006201775
VT,1997,597239,PARCP,3538,0.005923927
VT,1998,600416,PARCP,3452,0.005749347
VT,1999,604683,PARCP,3371,0.005574822
VT,2000,609618,PARCP,3836,0.006292465
VT,2001,612223,PARCP,3994,0.006523767
VT,2002,615442,PARCP,3754,0.006099681
VT,2003,617858,PARCP,3847,0.00622635
VT,2004,619920,PARCP,4308,0.006949284
VT,2005,621215,PARCP,4094,0.006590311
VT,2006,622892,PARCP,3828,0.006145528
VT,2007,623481,PARCP,3691,0.005919988
VT,2008,624151,PARCP,3269,0.005237515
VT,2009,624817,PARCP,3752,0.006004958
VT,2010,625982,PARCP,3369,0.005381944
VT,2011,626730,PARCP,3145,0.00501811
VT,2012,626444,PARCP,2809,0.00448404
VT,2013,627140,PARCP,3265,0.005206174
VT,2014,626984,PARCP,3416,0.005448305
VT,2015,626088,PARCP,3471,0.005543949
VT,2016,624594,PARCP,,
WA,1970,3413244,PARCP,8214,0.002406508
WA,1971,3447000,PARCP,8180,0.002373078
WA,1972,3447000,PARCP,7571,0.002196403
WA,1973,3477000,PARCP,7049,0.002027322
WA,1974,3548000,PARCP,5757,0.001622604
WA,1975,3619000,PARCP,5384,0.001487704
WA,1976,3691000,PARCP,5618,0.001522081
WA,1977,3772000,PARCP,6255,0.001658271
WA,1978,3886000,PARCP,6197,0.001594699
WA,1979,4013000,PARCP,5504,0.001371542
WA,1980,4132156,PARCP,4068,0.000984474
WA,1981,4235731,PARCP,4166,0.000983537
WA,1982,4276552,PARCP,3962,0.000926447
WA,1983,4300266,PARCP,3497,0.000813206
WA,1984,4343656,PARCP,3668,0.00084445
WA,1985,4400098,PARCP,3609,0.000820209
WA,1986,4452720,PARCP,3564,0.00080041
WA,1987,4531901,PARCP,3225,0.000711622
WA,1988,4639893,PARCP,3367,0.000725663
WA,1989,4746316,PARCP,3395,0.000715292
WA,1990,4903043,PARCP,3334,0.000679986
WA,1991,5025624,PARCP,3344,0.00066539
WA,1992,5160757,PARCP,2930,0.000567746
WA,1993,5278842,PARCP,3149,0.000596532
WA,1994,5375161,PARCP,3298,0.000613563
WA,1995,5481027,PARCP,3238,0.000590765
WA,1996,5569753,PARCP,3480,0.000624803
WA,1997,5674747,PARCP,4216,0.000742941
WA,1998,5769562,PARCP,3906,0.000677001
WA,1999,5842564,PARCP,3839,0.000657075
WA,2000,5910512,PARCP,3723,0.000629895
WA,2001,5985722,PARCP,4090,0.000683293
WA,2002,6052349,PARCP,4788,0.000791098
WA,2003,6104115,PARCP,3205,0.000525056
WA,2004,6178645,PARCP,3133,0.000507069
WA,2005,6257305,PARCP,3207,0.000512521
WA,2006,6370753,PARCP,3034,0.000476239
WA,2007,6461587,PARCP,2805,0.000434104
WA,2008,6562231,PARCP,3259,0.00049663
WA,2009,6667426,PARCP,3479,0.000521791
WA,2010,6743226,PARCP,3325,0.000493087
WA,2011,6822520,PARCP,3220,0.000471966
WA,2012,6895226,PARCP,2472,0.000358509
WA,2013,6968006,PARCP,2462,0.000353329
WA,2014,7054196,PARCP,2318,0.000328599
WA,2015,7160290,PARCP,2060,0.000287698
WA,2016,7288000,PARCP,,
WI,1970,4417821,PARCP,19198,0.004345581
WI,1971,4460000,PARCP,19006,0.004261435
WI,1972,4498000,PARCP,19347,0.004301245
WI,1973,4518000,PARCP,18843,0.004170651
WI,1974,4538000,PARCP,18099,0.003988321
WI,1975,4570000,PARCP,17208,0.003765427
WI,1976,4585000,PARCP,18794,0.004099019
WI,1977,4613000,PARCP,18516,0.004013874
WI,1978,4631000,PARCP,18608,0.004018139
WI,1979,4666000,PARCP,15594,0.003342049
WI,1980,4705767,PARCP,11402,0.002422984
WI,1981,4726343,PARCP,10394,0.002199163
WI,1982,4728870,PARCP,10586,0.00223859
WI,1983,4721438,PARCP,8539,0.001808559
WI,1984,4735563,PARCP,9620,0.002031437
WI,1985,4747767,PARCP,10052,0.002117206
WI,1986,4755618,PARCP,10037,0.002110556
WI,1987,4777919,PARCP,10018,0.002096729
WI,1988,4822388,PARCP,10568,0.002191445
WI,1989,4856574,PARCP,10980,0.002260853
WI,1990,4904562,PARCP,9798,0.001997732
WI,1991,4964343,PARCP,10633,0.002141875
WI,1992,5025398,PARCP,9928,0.001975565
WI,1993,5084889,PARCP,11034,0.002169959
WI,1994,5133678,PARCP,10140,0.001975192
WI,1995,5184836,PARCP,9515,0.001835159
WI,1996,5229986,PARCP,11724,0.002241689
WI,1997,5266213,PARCP,10189,0.001934787
WI,1998,5297672,PARCP,9046,0.001707542
WI,1999,5332666,PARCP,10625,0.001992437
WI,2000,5373999,PARCP,9970,0.001855229
WI,2001,5406835,PARCP,9909,0.00183268
WI,2002,5445162,PARCP,10682,0.001961741
WI,2003,5479203,PARCP,9993,0.001823805
WI,2004,5514026,PARCP,9796,0.00177656
WI,2005,5546166,PARCP,9621,0.001734712
WI,2006,5577655,PARCP,8386,0.001503499
WI,2007,5610775,PARCP,8308,0.001480722
WI,2008,5640996,PARCP,9231,0.001636413
WI,2009,5669264,PARCP,7768,0.001370195
WI,2010,5690263,PARCP,7367,0.001294668
WI,2011,5709640,PARCP,7129,0.00124859
WI,2012,5726177,PARCP,5802,0.001013241
WI,2013,5742854,PARCP,7645,0.00133122
WI,2014,5758377,PARCP,7637,0.001326242
WI,2015,5767891,PARCP,6649,0.001152761
WI,2016,5778708,PARCP,,
WV,1970,1744237,PARCP,772,0.0004426
WV,1971,1770000,PARCP,951,0.000537288
WV,1972,1797000,PARCP,1195,0.000664997
WV,1973,1805000,PARCP,1074,0.000595014
WV,1974,1814000,PARCP,963,0.000530871
WV,1975,1841000,PARCP,1070,0.000581206
WV,1976,1877000,PARCP,1254,0.000668087
WV,1977,1906000,PARCP,1451,0.00076128
WV,1978,1920000,PARCP,1179,0.000614063
WV,1979,1939000,PARCP,2365,0.001219701
WV,1980,1949644,PARCP,1956,0.00100326
WV,1981,1954124,PARCP,1544,0.000790124
WV,1982,1949604,PARCP,1420,0.000728353
WV,1983,1945061,PARCP,1041,0.000535202
WV,1984,1927697,PARCP,1174,0.000609017
WV,1985,1906831,PARCP,1122,0.000588411
WV,1986,1882350,PARCP,1296,0.000688501
WV,1987,1857585,PARCP,1325,0.000713292
WV,1988,1830215,PARCP,1375,0.000751278
WV,1989,1806568,PARCP,1441,0.000797645
WV,1990,1792548,PARCP,1291,0.000720204
WV,1991,1798735,PARCP,1196,0.000664912
WV,1992,1806451,PARCP,1218,0.00067425
WV,1993,1817539,PARCP,1392,0.000765871
WV,1994,1820421,PARCP,1420,0.000780039
WV,1995,1823700,PARCP,1181,0.000647585
WV,1996,1822808,PARCP,1435,0.000787247
WV,1997,1819113,PARCP,1651,0.000907585
WV,1998,1815609,PARCP,1510,0.000831677
WV,1999,1811799,PARCP,1714,0.000946021
WV,2000,1807021,PARCP,1584,0.000876581
WV,2001,1801481,PARCP,1821,0.001010835
WV,2002,1805414,PARCP,1369,0.000758275
WV,2003,1812295,PARCP,1395,0.000769742
WV,2004,1816438,PARCP,1812,0.000997557
WV,2005,1820492,PARCP,1308,0.000718487
WV,2006,1827912,PARCP,1441,0.000788331
WV,2007,1834052,PARCP,1196,0.000652108
WV,2008,1840310,PARCP,1234,0.000670539
WV,2009,1847775,PARCP,1114,0.000602887
WV,2010,1854230,PARCP,1189,0.000641237
WV,2011,1854972,PARCP,1058,0.000570359
WV,2012,1856560,PARCP,889,0.000478843
WV,2013,1853231,PARCP,1318,0.00071119
WV,2014,1848514,PARCP,948,0.000512844
WV,2015,1841053,PARCP,1064,0.00057793
WV,2016,1831102,PARCP,,
WY,1970,332416,PARCP,874,0.002629236
WY,1971,340000,PARCP,960,0.002823529
WY,1972,347000,PARCP,1118,0.003221902
WY,1973,353000,PARCP,944,0.002674221
WY,1974,365000,PARCP,789,0.002161644
WY,1975,380000,PARCP,826,0.002173684
WY,1976,395000,PARCP,835,0.002113924
WY,1977,412000,PARCP,825,0.002002427
WY,1978,431000,PARCP,925,0.002146172
WY,1979,452000,PARCP,608,0.001345133
WY,1980,469557,PARCP,552,0.001175576
WY,1981,491712,PARCP,625,0.001271069
WY,1982,506400,PARCP,705,0.00139218
WY,1983,510345,PARCP,1146,0.00224554
WY,1984,504896,PARCP,692,0.001370579
WY,1985,499695,PARCP,461,0.000922563
WY,1986,495633,PARCP,667,0.001345754
WY,1987,476965,PARCP,1119,0.002346084
WY,1988,465101,PARCP,755,0.001623303
WY,1989,458374,PARCP,518,0.001130082
WY,1990,453690,PARCP,426,0.000938967
WY,1991,459260,PARCP,562,0.001223708
WY,1992,466251,PARCP,465,0.000997317
WY,1993,473081,PARCP,418,0.00088357
WY,1994,480283,PARCP,403,0.000839089
WY,1995,485160,PARCP,534,0.001100668
WY,1996,488167,PARCP,405,0.000829634
WY,1997,489451,PARCP,144,0.000294207
WY,1998,490787,PARCP,79,0.000160966
WY,1999,491780,PARCP,226,0.000459555
WY,2000,494300,PARCP,444,0.00089824
WY,2001,494657,PARCP,609,0.001231156
WY,2002,500017,PARCP,604,0.001207959
WY,2003,503453,PARCP,559,0.001110332
WY,2004,509106,PARCP,583,0.001145145
WY,2005,514157,PARCP,636,0.001236976
WY,2006,522667,PARCP,584,0.001117346
WY,2007,534876,PARCP,972,0.001817244
WY,2008,546043,PARCP,950,0.00173979
WY,2009,559851,PARCP,1050,0.001875499
WY,2010,564513,PARCP,897,0.00158898
WY,2011,567725,PARCP,947,0.001668061
WY,2012,576765,PARCP,724,0.001255277
WY,2013,582684,PARCP,790,0.001355795
WY,2014,583642,PARCP,775,0.001327869
WY,2015,586555,PARCP,561,0.000956432
WY,2016,585501,PARCP,,