,State,Year,Population
0,Alabama,1970,3444354
1,Alaska,1970,302583
2,Arizona,1970,1775399
3,Arkansas,1970,1923322
4,California,1970,19971071
5,Colorado,1970,2209596
6,Connecticut,1970,3032217
7,Delaware,1970,548104
8,Florida,1970,6791418
9,Georgia,1970,4587930
10,Hawaii,1970,769913
11,Idaho,1970,713015
12,Illinois,1970,11110288
13,Indiana,1970,5195392
14,Iowa,1970,2825368
15,Kansas,1970,2249071
16,Kentucky,1970,3220711
17,Louisiana,1970,3644637
18,Maine,1970,993722
19,Maryland,1970,3923897
20,Massachusetts,1970,5689170
21,Michigan,1970,8881826
22,Minnesota,1970,3806103
23,Mississippi,1970,2216994
24,Missouri,1970,4677623
25,Montana,1970,694409
26,Nebraska,1970,1485333
27,Nevada,1970,488738
28,New Hampshire,1970,737681
29,New Jersey,1970,7171112
30,New Mexico,1970,1017055
31,New York,1970,18241391
32,North Carolina,1970,5084411
33,North Dakota,1970,617792
34,Ohio,1970,10657423
35,Oklahoma,1970,2559463
36,Oregon,1970,2091533
37,Pennsylvania,1970,11800766
38,Rhode Island,1970,949722
39,South Carolina,1970,2590713
40,South Dakota,1970,666257
41,Tennessee,1970,3926018
42,Texas,1970,11198657
43,Utah,1970,1059273
44,Vermont,1970,444732
45,Virginia,1970,4651448
46,Washington,1970,3413244
47,West Virginia,1970,1744237
48,Wisconsin,1970,4417821
49,Wyoming,1970,332416
50,Alabama,1971,3497000
51,Alaska,1971,316000
52,Arizona,1971,1896000
53,Arkansas,1971,1972000
54,California,1971,20346000
55,Colorado,1971,2303000
56,Connecticut,1971,3061000
57,Delaware,1971,565000
58,Florida,1971,7163000
59,Georgia,1971,4710000
60,Hawaii,1971,801000
61,Idaho,1971,739000
62,Illinois,1971,11206000
63,Indiana,1971,5250000
64,Iowa,1971,2852000
65,Kansas,1971,2246000
66,Kentucky,1971,3298000
67,Louisiana,1971,3711000
68,Maine,1971,1016000
69,Maryland,1971,4022000
70,Massachusetts,1971,5739000
71,Michigan,1971,8972000
72,Minnesota,1971,3852000
73,Mississippi,1971,2265000
74,Missouri,1971,4723000
75,Montana,1971,711000
76,Nebraska,1971,1504000
77,Nevada,1971,520000
78,New Hampshire,1971,762000
79,New Jersey,1971,7282000
80,New Mexico,1971,1053000
81,New York,1971,18365000
82,North Carolina,1971,5201000
83,North Dakota,1971,627000
84,Ohio,1971,10735000
85,Oklahoma,1971,2618000
86,Oregon,1971,2150000
87,Pennsylvania,1971,11884000
88,Rhode Island,1971,964000
89,South Carolina,1971,2662000
90,South Dakota,1971,671000
91,Tennessee,1971,4010000
92,Texas,1971,11510000
93,Utah,1971,1101000
94,Vermont,1971,454000
95,Virginia,1971,4753000
96,Washington,1971,3447000
97,West Virginia,1971,1770000
98,Wisconsin,1971,4460000
99,Wyoming,1971,340000
100,Alabama,1972,3540000
101,Alaska,1972,326000
102,Arizona,1972,2009000
103,Arkansas,1972,2018000
104,California,1972,20585000
105,Colorado,1972,2405000
106,Connecticut,1972,3070000
107,Delaware,1972,574000
108,Florida,1972,7520000
109,Georgia,1972,4807000
110,Hawaii,1972,828000
111,Idaho,1972,763000
112,Illinois,1972,11258000
113,Indiana,1972,5296000
114,Iowa,1972,2860000
115,Kansas,1972,2255000
116,Kentucky,1972,3336000
117,Louisiana,1972,3762000
118,Maine,1972,1035000
119,Maryland,1972,4081000
120,Massachusetts,1972,5762000
121,Michigan,1972,9025000
122,Minnesota,1972,3867000
123,Mississippi,1972,2307000
124,Missouri,1972,4753000
125,Montana,1972,719000
126,Nebraska,1972,1518000
127,Nevada,1972,547000
128,New Hampshire,1972,782000
129,New Jersey,1972,7337000
130,New Mexico,1972,1078000
131,New York,1972,18352000
132,North Carolina,1972,5296000
133,North Dakota,1972,631000
134,Ohio,1972,10747000
135,Oklahoma,1972,2657000
136,Oregon,1972,2195000
137,Pennsylvania,1972,11905000
138,Rhode Island,1972,976000
139,South Carolina,1972,2718000
140,South Dakota,1972,677000
141,Tennessee,1972,4088000
142,Texas,1972,11759000
143,Utah,1972,1135000
144,Vermont,1972,463000
145,Virginia,1972,4828000
146,Washington,1972,3447000
147,West Virginia,1972,1797000
148,Wisconsin,1972,4498000
149,Wyoming,1972,347000
150,Alabama,1973,3581000
151,Alaska,1973,333000
152,Arizona,1973,2125000
153,Arkansas,1973,2058000
154,California,1973,20868000
155,Colorado,1973,2496000
156,Connecticut,1973,3069000
157,Delaware,1973,579000
158,Florida,1973,7927000
159,Georgia,1973,4907000
160,Hawaii,1973,851000
161,Idaho,1973,782000
162,Illinois,1973,11260000
163,Indiana,1973,5329000
164,Iowa,1973,2864000
165,Kansas,1973,2264000
166,Kentucky,1973,3372000
167,Louisiana,1973,3789000
168,Maine,1973,1046000
169,Maryland,1973,4109000
170,Massachusetts,1973,5784000
171,Michigan,1973,9072000
172,Minnesota,1973,3885000
173,Mississippi,1973,2350000
174,Missouri,1973,4775000
175,Montana,1973,727000
176,Nebraska,1973,1528000
177,Nevada,1973,569000
178,New Hampshire,1973,802000
179,New Jersey,1973,7335000
180,New Mexico,1973,1104000
181,New York,1973,18195000
182,North Carolina,1973,5382000
183,North Dakota,1973,632000
184,Ohio,1973,10767000
185,Oklahoma,1973,2694000
186,Oregon,1973,2239000
187,Pennsylvania,1973,11885000
188,Rhode Island,1973,978000
189,South Carolina,1973,2775000
190,South Dakota,1973,679000
191,Tennessee,1973,4138000
192,Texas,1973,12019000
193,Utah,1973,1169000
194,Vermont,1973,469000
195,Virginia,1973,4907000
196,Washington,1973,3477000
197,West Virginia,1973,1805000
198,Wisconsin,1973,4518000
199,Wyoming,1973,353000
200,Alabama,1974,3628000
201,Alaska,1974,345000
202,Arizona,1974,2224000
203,Arkansas,1974,2100000
204,California,1974,21173000
205,Colorado,1974,2541000
206,Connecticut,1974,3076000
207,Delaware,1974,583000
208,Florida,1974,8317000
209,Georgia,1974,4995000
210,Hawaii,1974,867000
211,Idaho,1974,808000
212,Illinois,1974,11274000
213,Indiana,1974,5350000
214,Iowa,1974,2868000
215,Kansas,1974,2268000
216,Kentucky,1974,3417000
217,Louisiana,1974,3821000
218,Maine,1974,1060000
219,Maryland,1974,4133000
220,Massachusetts,1974,5777000
221,Michigan,1974,9109000
222,Minnesota,1974,3898000
223,Mississippi,1974,2379000
224,Missouri,1974,4785000
225,Montana,1974,737000
226,Nebraska,1974,1538000
227,Nevada,1974,597000
228,New Hampshire,1974,817000
229,New Jersey,1974,7335000
230,New Mexico,1974,1130000
231,New York,1974,18073000
232,North Carolina,1974,5461000
233,North Dakota,1974,634000
234,Ohio,1974,10766000
235,Oklahoma,1974,2732000
236,Oregon,1974,2281000
237,Pennsylvania,1974,11864000
238,Rhode Island,1974,953000
239,South Carolina,1974,2843000
240,South Dakota,1974,680000
241,Tennessee,1974,4202000
242,Texas,1974,12268000
243,Utah,1974,1199000
244,Vermont,1974,473000
245,Virginia,1974,4978000
246,Washington,1974,3548000
247,West Virginia,1974,1814000
248,Wisconsin,1974,4538000
249,Wyoming,1974,365000
250,Alabama,1975,3680000
251,Alaska,1975,371000
252,Arizona,1975,2286000
253,Arkansas,1975,2158000
254,California,1975,21537000
255,Colorado,1975,2586000
256,Connecticut,1975,3085000
257,Delaware,1975,589000
258,Florida,1975,8542000
259,Georgia,1975,5058000
260,Hawaii,1975,884000
261,Idaho,1975,832000
262,Illinois,1975,11306000
263,Indiana,1975,5351000
264,Iowa,1975,2881000
265,Kansas,1975,2279000
266,Kentucky,1975,3469000
267,Louisiana,1975,3887000
268,Maine,1975,1073000
269,Maryland,1975,4157000
270,Massachusetts,1975,5762000
271,Michigan,1975,9108000
272,Minnesota,1975,3926000
273,Mississippi,1975,2400000
274,Missouri,1975,4795000
275,Montana,1975,749000
276,Nebraska,1975,1541000
277,Nevada,1975,620000
278,New Hampshire,1975,830000
279,New Jersey,1975,7341000
280,New Mexico,1975,1163000
281,New York,1975,18032000
282,North Carolina,1975,5535000
283,North Dakota,1975,638000
284,Ohio,1975,10770000
285,Oklahoma,1975,2772000
286,Oregon,1975,2325000
287,Pennsylvania,1975,11898000
288,Rhode Island,1975,946000
289,South Carolina,1975,2900000
290,South Dakota,1975,681000
291,Tennessee,1975,4261000
292,Texas,1975,12568000
293,Utah,1975,1234000
294,Vermont,1975,480000
295,Virginia,1975,5056000
296,Washington,1975,3619000
297,West Virginia,1975,1841000
298,Wisconsin,1975,4570000
299,Wyoming,1975,380000
300,Alabama,1976,3737000
301,Alaska,1976,393000
302,Arizona,1976,2348000
303,Arkansas,1976,2169000
304,California,1976,21934000
305,Colorado,1976,2632000
306,Connecticut,1976,3086000
307,Delaware,1976,593000
308,Florida,1976,8695000
309,Georgia,1976,5126000
310,Hawaii,1976,902000
311,Idaho,1976,857000
312,Illinois,1976,11360000
313,Indiana,1976,5372000
314,Iowa,1976,2904000
315,Kansas,1976,2299000
316,Kentucky,1976,3530000
317,Louisiana,1976,3952000
318,Maine,1976,1090000
319,Maryland,1976,4172000
320,Massachusetts,1976,5749000
321,Michigan,1976,9117000
322,Minnesota,1976,3957000
323,Mississippi,1976,2430000
324,Missouri,1976,4823000
325,Montana,1976,758000
326,Nebraska,1976,1549000
327,Nevada,1976,647000
328,New Hampshire,1976,847000
329,New Jersey,1976,7344000
330,New Mexico,1976,1195000
331,New York,1976,17975000
332,North Carolina,1976,5593000
333,North Dakota,1976,645000
334,Ohio,1976,10753000
335,Oklahoma,1976,2823000
336,Oregon,1976,2372000
337,Pennsylvania,1976,11887000
338,Rhode Island,1976,950000
339,South Carolina,1976,2941000
340,South Dakota,1976,687000
341,Tennessee,1976,4329000
342,Texas,1976,12903000
343,Utah,1976,1272000
344,Vermont,1976,485000
345,Virginia,1976,5133000
346,Washington,1976,3691000
347,West Virginia,1976,1877000
348,Wisconsin,1976,4585000
349,Wyoming,1976,395000
350,Alabama,1977,3783000
351,Alaska,1977,397000
352,Arizona,1977,2427000
353,Arkansas,1977,2207000
354,California,1977,22350000
355,Colorado,1977,2696000
356,Connecticut,1977,3089000
357,Delaware,1977,595000
358,Florida,1977,8889000
359,Georgia,1977,5212000
360,Hawaii,1977,916000
361,Idaho,1977,883000
362,Illinois,1977,11406000
363,Indiana,1977,5405000
364,Iowa,1977,2914000
365,Kansas,1977,2318000
366,Kentucky,1977,3575000
367,Louisiana,1977,4016000
368,Maine,1977,1105000
369,Maryland,1977,4195000
370,Massachusetts,1977,5744000
371,Michigan,1977,9157000
372,Minnesota,1977,3980000
373,Mississippi,1977,2460000
374,Missouri,1977,4845000
375,Montana,1977,771000
376,Nebraska,1977,1554000
377,Nevada,1977,678000
378,New Hampshire,1977,872000
379,New Jersey,1977,7342000
380,New Mexico,1977,1225000
381,New York,1977,17851000
382,North Carolina,1977,5668000
383,North Dakota,1977,649000
384,Ohio,1977,10771000
385,Oklahoma,1977,2866000
386,Oregon,1977,2439000
387,Pennsylvania,1977,11882000
388,Rhode Island,1977,955000
389,South Carolina,1977,2989000
390,South Dakota,1977,689000
391,Tennessee,1977,4402000
392,Texas,1977,13192000
393,Utah,1977,1316000
394,Vermont,1977,492000
395,Virginia,1977,5206000
396,Washington,1977,3772000
397,West Virginia,1977,1906000
398,Wisconsin,1977,4613000
399,Wyoming,1977,412000
400,Alabama,1978,3834000
401,Alaska,1978,402000
402,Arizona,1978,2518000
403,Arkansas,1978,2241000
404,California,1978,22839000
405,Colorado,1978,2767000
406,Connecticut,1978,3095000
407,Delaware,1978,598000
408,Florida,1978,9132000
409,Georgia,1978,5286000
410,Hawaii,1978,929000
411,Idaho,1978,911000
412,Illinois,1978,11434000
413,Indiana,1978,5446000
414,Iowa,1978,2919000
415,Kansas,1978,2333000
416,Kentucky,1978,3611000
417,Louisiana,1978,4073000
418,Maine,1978,1115000
419,Maryland,1978,4212000
420,Massachusetts,1978,5743000
421,Michigan,1978,9202000
422,Minnesota,1978,4005000
423,Mississippi,1978,2488000
424,Missouri,1978,4871000
425,Montana,1978,784000
426,Nebraska,1978,1561000
427,Nevada,1978,719000
428,New Hampshire,1978,894000
429,New Jersey,1978,7356000
430,New Mexico,1978,1252000
431,New York,1978,17720000
432,North Carolina,1978,5739000
433,North Dakota,1978,651000
434,Ohio,1978,10795000
435,Oklahoma,1978,2913000
436,Oregon,1978,2510000
437,Pennsylvania,1978,11865000
438,Rhode Island,1978,957000
439,South Carolina,1978,3041000
440,South Dakota,1978,689000
441,Tennessee,1978,4462000
442,Texas,1978,13498000
443,Utah,1978,1364000
444,Vermont,1978,498000
445,Virginia,1978,5284000
446,Washington,1978,3886000
447,West Virginia,1978,1920000
448,Wisconsin,1978,4631000
449,Wyoming,1978,431000
450,Alabama,1979,3869000
451,Alaska,1979,403000
452,Arizona,1979,2639000
453,Arkansas,1979,2269000
454,California,1979,23255000
455,Colorado,1979,2849000
456,Connecticut,1979,3100000
457,Delaware,1979,599000
458,Florida,1979,9471000
459,Georgia,1979,5391000
460,Hawaii,1979,950000
461,Idaho,1979,933000
462,Illinois,1979,11423000
463,Indiana,1979,5475000
464,Iowa,1979,2917000
465,Kansas,1979,2347000
466,Kentucky,1979,3644000
467,Louisiana,1979,4139000
468,Maine,1979,1125000
469,Maryland,1979,4223000
470,Massachusetts,1979,5746000
471,Michigan,1979,9249000
472,Minnesota,1979,4038000
473,Mississippi,1979,2508000
474,Missouri,1979,4889000
475,Montana,1979,789000
476,Nebraska,1979,1564000
477,Nevada,1979,765000
478,New Hampshire,1979,912000
479,New Jersey,1979,7373000
480,New Mexico,1979,1281000
481,New York,1979,17634000
482,North Carolina,1979,5802000
483,North Dakota,1979,652000
484,Ohio,1979,10799000
485,Oklahoma,1979,2970000
486,Oregon,1979,2578000
487,Pennsylvania,1979,11874000
488,Rhode Island,1979,957000
489,South Carolina,1979,3087000
490,South Dakota,1979,689000
491,Tennessee,1979,4533000
492,Texas,1979,13887000
493,Utah,1979,1416000
494,Vermont,1979,506000
495,Virginia,1979,5324000
496,Washington,1979,4013000
497,West Virginia,1979,1939000
498,Wisconsin,1979,4666000
499,Wyoming,1979,452000
0,Alabama,1980,3893888
1,Alaska,1980,401851
2,Arizona,1980,2718215
3,Arkansas,1980,2286435
4,California,1980,23667902
5,Colorado,1980,2889964
6,Connecticut,1980,3107576
7,Delaware,1980,594338
8,Florida,1980,9746324
9,Georgia,1980,5463105
10,Hawaii,1980,964691
11,Idaho,1980,943935
12,Illinois,1980,11426518
13,Indiana,1980,5490224
14,Iowa,1980,2913808
15,Kansas,1980,2363679
16,Kentucky,1980,3660777
17,Louisiana,1980,4205900
18,Maine,1980,1124660
19,Maryland,1980,4216975
20,Massachusetts,1980,5737037
21,Michigan,1980,9262078
22,Minnesota,1980,4075970
23,Mississippi,1980,2520638
24,Missouri,1980,4916686
25,Montana,1980,786690
26,Nebraska,1980,1569825
27,Nevada,1980,800493
28,New Hampshire,1980,920610
29,New Jersey,1980,7364823
30,New Mexico,1980,1302894
31,New York,1980,17558072
32,North Carolina,1980,5881766
33,North Dakota,1980,652717
34,Ohio,1980,10797630
35,Oklahoma,1980,3025290
36,Oregon,1980,2633105
37,Pennsylvania,1980,11863895
38,Rhode Island,1980,947154
39,South Carolina,1980,3121820
40,South Dakota,1980,690768
41,Tennessee,1980,4591120
42,Texas,1980,14229191
43,Utah,1980,1461037
44,Vermont,1980,511456
45,Virginia,1980,5346818
46,Washington,1980,4132156
47,West Virginia,1980,1949644
48,Wisconsin,1980,4705767
49,Wyoming,1980,469557
50,Alabama,1981,3918531
51,Alaska,1981,418491
52,Arizona,1981,2810107
53,Arkansas,1981,2293201
54,California,1981,24285933
55,Colorado,1981,2977898
56,Connecticut,1981,3128836
57,Delaware,1981,595975
58,Florida,1981,10192774
59,Georgia,1981,5568345
60,Hawaii,1981,978195
61,Idaho,1981,962204
62,Illinois,1981,11443458
63,Indiana,1981,5480435
64,Iowa,1981,2907983
65,Kansas,1981,2384849
66,Kentucky,1981,3670394
67,Louisiana,1981,4283303
68,Maine,1981,1133033
69,Maryland,1981,4261905
70,Massachusetts,1981,5768685
71,Michigan,1981,9209287
72,Minnesota,1981,4111728
73,Mississippi,1981,2539036
74,Missouri,1981,4932064
75,Montana,1981,795328
76,Nebraska,1981,1578515
77,Nevada,1981,847655
78,New Hampshire,1981,936621
79,New Jersey,1981,7407472
80,New Mexico,1981,1332748
81,New York,1981,17567734
82,North Carolina,1981,5956653
83,North Dakota,1981,659505
84,Ohio,1981,10788330
85,Oklahoma,1981,3096164
86,Oregon,1981,2667982
87,Pennsylvania,1981,11858567
88,Rhode Island,1981,953013
89,South Carolina,1981,3179255
90,South Dakota,1981,689584
91,Tennessee,1981,4627658
92,Texas,1981,14746318
93,Utah,1981,1515471
94,Vermont,1981,515594
95,Virginia,1981,5444097
96,Washington,1981,4235731
97,West Virginia,1981,1954124
98,Wisconsin,1981,4726343
99,Wyoming,1981,491712
100,Alabama,1982,3925266
101,Alaska,1982,449606
102,Arizona,1982,2889861
103,Arkansas,1982,2294257
104,California,1982,24820009
105,Colorado,1982,3061564
106,Connecticut,1982,3139013
107,Delaware,1982,599148
108,Florida,1982,10471407
109,Georgia,1982,5649792
110,Hawaii,1982,993780
111,Idaho,1982,973721
112,Illinois,1982,11423412
113,Indiana,1982,5467922
114,Iowa,1982,2888189
115,Kansas,1982,2401202
116,Kentucky,1982,3683445
117,Louisiana,1982,4352608
118,Maine,1982,1136684
119,Maryland,1982,4282923
120,Massachusetts,1982,5771222
121,Michigan,1982,9115198
122,Minnesota,1982,4131450
123,Mississippi,1982,2556777
124,Missouri,1982,4929451
125,Montana,1982,803986
126,Nebraska,1982,1581780
127,Nevada,1982,881537
128,New Hampshire,1982,947719
129,New Jersey,1982,7430968
130,New Mexico,1982,1363823
131,New York,1982,17589738
132,North Carolina,1982,6019101
133,North Dakota,1982,668972
134,Ohio,1982,10757087
135,Oklahoma,1982,3206123
136,Oregon,1982,2664922
137,Pennsylvania,1982,11845146
138,Rhode Island,1982,954170
139,South Carolina,1982,3207614
140,South Dakota,1982,690597
141,Tennessee,1982,4646041
142,Texas,1982,15331415
143,Utah,1982,1558314
144,Vermont,1982,519109
145,Virginia,1982,5492783
146,Washington,1982,4276552
147,West Virginia,1982,1949604
148,Wisconsin,1982,4728870
149,Wyoming,1982,506400
150,Alabama,1983,3934102
151,Alaska,1983,488417
152,Arizona,1983,2968925
153,Arkansas,1983,2305761
154,California,1983,25360026
155,Colorado,1983,3133630
156,Connecticut,1983,3162354
157,Delaware,1983,605458
158,Florida,1983,10749851
159,Georgia,1983,5728250
160,Hawaii,1983,1012717
161,Idaho,1983,981869
162,Illinois,1983,11408818
163,Indiana,1983,5450395
164,Iowa,1983,2870543
165,Kansas,1983,2415531
166,Kentucky,1983,3694484
167,Louisiana,1983,4395316
168,Maine,1983,1144772
169,Maryland,1983,4313327
170,Massachusetts,1983,5799407
171,Michigan,1983,9047754
172,Minnesota,1983,4141456
173,Mississippi,1983,2567717
174,Missouri,1983,4943733
175,Montana,1983,814031
176,Nebraska,1983,1584293
177,Nevada,1983,901977
178,New Hampshire,1983,958134
179,New Jersey,1983,7467785
180,New Mexico,1983,1394361
181,New York,1983,17686905
182,North Carolina,1983,6077056
183,North Dakota,1983,676688
184,Ohio,1983,10737632
185,Oklahoma,1983,3290402
186,Oregon,1983,2653066
187,Pennsylvania,1983,11837723
188,Rhode Island,1983,956382
189,South Carolina,1983,3234066
190,South Dakota,1983,693008
191,Tennessee,1983,4659749
192,Texas,1983,15751676
193,Utah,1983,1594943
194,Vermont,1983,523302
195,Virginia,1983,5564657
196,Washington,1983,4300266
197,West Virginia,1983,1945061
198,Wisconsin,1983,4721438
199,Wyoming,1983,510345
200,Alabama,1984,3951820
201,Alaska,1984,513702
202,Arizona,1984,3067135
203,Arkansas,1984,2319768
204,California,1984,25844393
205,Colorado,1984,3169992
206,Connecticut,1984,3180014
207,Delaware,1984,611565
208,Florida,1984,11039925
209,Georgia,1984,5834954
210,Hawaii,1984,1027922
211,Idaho,1984,990839
212,Illinois,1984,11412132
213,Indiana,1984,5458322
214,Iowa,1984,2858618
215,Kansas,1984,2424086
216,Kentucky,1984,3695453
217,Louisiana,1984,4400477
218,Maine,1984,1155635
219,Maryland,1984,4365243
220,Massachusetts,1984,5840773
221,Michigan,1984,9049452
222,Minnesota,1984,4157706
223,Mississippi,1984,2578051
224,Missouri,1984,4975278
225,Montana,1984,820905
226,Nebraska,1984,1588639
227,Nevada,1984,924922
228,New Hampshire,1984,976864
229,New Jersey,1984,7515473
230,New Mexico,1984,1416717
231,New York,1984,17745684
232,North Carolina,1984,6164006
233,North Dakota,1984,680497
234,Ohio,1984,10737746
235,Oklahoma,1984,3285533
236,Oregon,1984,2666588
237,Pennsylvania,1984,11815172
238,Rhode Island,1984,961894
239,South Carolina,1984,3271868
240,South Dakota,1984,697249
241,Tennessee,1984,4686737
242,Texas,1984,16007086
243,Utah,1984,1622342
244,Vermont,1984,526660
245,Virginia,1984,5643870
246,Washington,1984,4343656
247,West Virginia,1984,1927697
248,Wisconsin,1984,4735563
249,Wyoming,1984,504896
250,Alabama,1985,3972523
251,Alaska,1985,532495
252,Arizona,1985,3183538
253,Arkansas,1985,2327046
254,California,1985,26441109
255,Colorado,1985,3208723
256,Connecticut,1985,3201131
257,Delaware,1985,618280
258,Florida,1985,11351118
259,Georgia,1985,5962661
260,Hawaii,1985,1039698
261,Idaho,1985,994051
262,Illinois,1985,11399806
263,Indiana,1985,5459211
264,Iowa,1985,2829684
265,Kansas,1985,2427405
266,Kentucky,1985,3694826
267,Louisiana,1985,4408118
268,Maine,1985,1162936
269,Maryland,1985,4413071
270,Massachusetts,1985,5880733
271,Michigan,1985,9076293
272,Minnesota,1985,4184302
273,Mississippi,1985,2588102
274,Missouri,1985,5000268
275,Montana,1985,822320
276,Nebraska,1985,1584664
277,Nevada,1985,951030
278,New Hampshire,1985,996753
279,New Jersey,1985,7565528
280,New Mexico,1985,1438361
281,New York,1985,17791672
282,North Carolina,1985,6253954
283,North Dakota,1985,676980
284,Ohio,1985,10734926
285,Oklahoma,1985,3271332
286,Oregon,1985,2672652
287,Pennsylvania,1985,11770862
288,Rhode Island,1985,968955
289,South Carolina,1985,3303209
290,South Dakota,1985,698402
291,Tennessee,1985,4715296
292,Texas,1985,16272734
293,Utah,1985,1642910
294,Vermont,1985,530035
295,Virginia,1985,5715153
296,Washington,1985,4400098
297,West Virginia,1985,1906831
298,Wisconsin,1985,4747767
299,Wyoming,1985,499695
300,Alabama,1986,3991569
301,Alaska,1986,544268
302,Arizona,1986,3308262
303,Arkansas,1986,2331984
304,California,1986,27102237
305,Colorado,1986,3237450
306,Connecticut,1986,3223740
307,Delaware,1986,627559
308,Florida,1986,11667505
309,Georgia,1986,6084666
310,Hawaii,1986,1051762
311,Idaho,1986,990224
312,Illinois,1986,11387257
313,Indiana,1986,5454108
314,Iowa,1986,2791970
315,Kansas,1986,2432619
316,Kentucky,1986,3687809
317,Louisiana,1986,4406919
318,Maine,1986,1170126
319,Maryland,1986,4486957
320,Massachusetts,1986,5902678
321,Michigan,1986,9127775
322,Minnesota,1986,4205212
323,Mississippi,1986,2593597
324,Missouri,1986,5023068
325,Montana,1986,813739
326,Nebraska,1986,1574333
327,Nevada,1986,980613
328,New Hampshire,1986,1025053
329,New Jersey,1986,7622159
330,New Mexico,1986,1462729
331,New York,1986,17833419
332,North Carolina,1986,6321578
333,North Dakota,1986,669512
334,Ohio,1986,10730268
335,Oklahoma,1986,3252735
336,Oregon,1986,2683528
337,Pennsylvania,1986,11782752
338,Rhode Island,1986,977341
339,South Carolina,1986,3342758
340,South Dakota,1986,696034
341,Tennessee,1986,4738708
342,Texas,1986,16561113
343,Utah,1986,1662834
344,Vermont,1986,534066
345,Virginia,1986,5811700
346,Washington,1986,4452720
347,West Virginia,1986,1882350
348,Wisconsin,1986,4755618
349,Wyoming,1986,495633
350,Alabama,1987,4015264
351,Alaska,1987,539309
352,Arizona,1987,3437103
353,Arkansas,1987,2342355
354,California,1987,27777158
355,Colorado,1987,3260480
356,Connecticut,1987,3247291
357,Delaware,1987,636947
358,Florida,1987,11997283
359,Georgia,1987,6208467
360,Hawaii,1987,1067918
361,Idaho,1987,984997
362,Illinois,1987,11391178
363,Indiana,1987,5473012
364,Iowa,1987,2767011
365,Kansas,1987,2445367
366,Kentucky,1987,3683329
367,Louisiana,1987,4344148
368,Maine,1987,1184574
369,Maryland,1987,4565557
370,Massachusetts,1987,5935204
371,Michigan,1987,9187481
372,Minnesota,1987,4235136
373,Mississippi,1987,2588545
374,Missouri,1987,5056696
375,Montana,1987,805063
376,Nebraska,1987,1566547
377,Nevada,1987,1023376
378,New Hampshire,1987,1054289
379,New Jersey,1987,7670742
380,New Mexico,1987,1478520
381,New York,1987,17868848
382,North Carolina,1987,6403700
383,North Dakota,1987,661136
384,Ohio,1987,10760090
385,Oklahoma,1987,3210122
386,Oregon,1987,2700991
387,Pennsylvania,1987,11810866
388,Rhode Island,1987,989604
389,South Carolina,1987,3380506
390,South Dakota,1987,696036
391,Tennessee,1987,4782927
392,Texas,1987,16621791
393,Utah,1987,1678119
394,Vermont,1987,540267
395,Virginia,1987,5932268
396,Washington,1987,4531901
397,West Virginia,1987,1857585
398,Wisconsin,1987,4777919
399,Wyoming,1987,476965
400,Alabama,1988,4023844
401,Alaska,1988,541983
402,Arizona,1988,3535183
403,Arkansas,1988,2342656
404,California,1988,28464249
405,Colorado,1988,3262281
406,Connecticut,1988,3271953
407,Delaware,1988,647622
408,Florida,1988,12306395
409,Georgia,1988,6316142
410,Hawaii,1988,1079828
411,Idaho,1988,985664
412,Illinois,1988,11390183
413,Indiana,1988,5491735
414,Iowa,1988,2768388
415,Kansas,1988,2461996
416,Kentucky,1988,3679999
417,Louisiana,1988,4288863
418,Maine,1988,1203840
419,Maryland,1988,4657904
420,Massachusetts,1988,5979982
421,Michigan,1988,9217998
422,Minnesota,1988,4296166
423,Mississippi,1988,2580352
424,Missouri,1988,5081736
425,Montana,1988,800202
426,Nebraska,1988,1571477
427,Nevada,1988,1075022
428,New Hampshire,1988,1082577
429,New Jersey,1988,7712333
430,New Mexico,1988,1490337
431,New York,1988,17941309
432,North Carolina,1988,6480594
433,North Dakota,1988,655331
434,Ohio,1988,10798552
435,Oklahoma,1988,3167057
436,Oregon,1988,2741297
437,Pennsylvania,1988,11845752
438,Rhode Island,1988,996408
439,South Carolina,1988,3412096
440,South Dakota,1988,698165
441,Tennessee,1988,4822437
442,Texas,1988,16667022
443,Utah,1988,1689372
444,Vermont,1988,549763
445,Virginia,1988,6036909
446,Washington,1988,4639893
447,West Virginia,1988,1830215
448,Wisconsin,1988,4822388
449,Wyoming,1988,465101
450,Alabama,1989,4030222
451,Alaska,1989,547159
452,Arizona,1989,3622185
453,Arkansas,1989,2346358
454,California,1989,29218164
455,Colorado,1989,3275818
456,Connecticut,1989,3283403
457,Delaware,1989,658273
458,Florida,1989,12637715
459,Georgia,1989,6411099
460,Hawaii,1989,1094588
461,Idaho,1989,994416
462,Illinois,1989,11409782
463,Indiana,1989,5523693
464,Iowa,1989,2770592
465,Kansas,1989,2472849
466,Kentucky,1989,3677306
467,Louisiana,1989,4252894
468,Maine,1989,1219961
469,Maryland,1989,4727301
470,Massachusetts,1989,6015478
471,Michigan,1989,9253295
472,Minnesota,1989,4338057
473,Mississippi,1989,2574269
474,Missouri,1989,5095830
475,Montana,1989,799636
476,Nebraska,1989,1574864
477,Nevada,1989,1137382
478,New Hampshire,1989,1104522
479,New Jersey,1989,7726089
480,New Mexico,1989,1503901
481,New York,1989,17983086
482,North Carolina,1989,6565459
483,North Dakota,1989,646351
484,Ohio,1989,10829217
485,Oklahoma,1989,3150307
486,Oregon,1989,2790575
487,Pennsylvania,1989,11865996
488,Rhode Island,1989,1000666
489,South Carolina,1989,3456775
490,South Dakota,1989,696701
491,Tennessee,1989,4854444
492,Texas,1989,16806735
493,Utah,1989,1705864
494,Vermont,1989,557707
495,Virginia,1989,6120246
496,Washington,1989,4746316
497,West Virginia,1989,1806568
498,Wisconsin,1989,4856574
499,Wyoming,1989,458374
0,Alabama,1990,4050055
1,Alaska,1990,553290
2,Arizona,1990,3684097
3,Arkansas,1990,2356586
4,California,1990,29959515
5,Colorado,1990,3307618
6,Connecticut,1990,3291967
7,Delaware,1990,669567
8,Florida,1990,13033307
9,Georgia,1990,6512602
10,Hawaii,1990,1113491
11,Idaho,1990,1012384
12,Illinois,1990,11453316
13,Indiana,1990,5557798
14,Iowa,1990,2781018
15,Kansas,1990,2481349
16,Kentucky,1990,3694048
17,Louisiana,1990,4221532
18,Maine,1990,1231719
19,Maryland,1990,4799770
20,Massachusetts,1990,6022639
21,Michigan,1990,9311319
22,Minnesota,1990,4389857
23,Mississippi,1990,2578897
24,Missouri,1990,5128880
25,Montana,1990,800204
26,Nebraska,1990,1581660
27,Nevada,1990,1220695
28,New Hampshire,1990,1112384
29,New Jersey,1990,7762963
30,New Mexico,1990,1521574
31,New York,1990,18020784
32,North Carolina,1990,6664016
33,North Dakota,1990,637685
34,Ohio,1990,10864162
35,Oklahoma,1990,3148825
36,Oregon,1990,2860375
37,Pennsylvania,1990,11903299
38,Rhode Island,1990,1005995
39,South Carolina,1990,3501155
40,South Dakota,1990,697101
41,Tennessee,1990,4894492
42,Texas,1990,17056755
43,Utah,1990,1731223
44,Vermont,1990,564798
45,Virginia,1990,6216884
46,Washington,1990,4903043
47,West Virginia,1990,1792548
48,Wisconsin,1990,4904562
49,Wyoming,1990,453690
50,Alabama,1991,4099156
51,Alaska,1991,570193
52,Arizona,1991,3788576
53,Arkansas,1991,2383144
54,California,1991,30470736
55,Colorado,1991,3387119
56,Connecticut,1991,3302895
57,Delaware,1991,683080
58,Florida,1991,13369798
59,Georgia,1991,6653005
60,Hawaii,1991,1136754
61,Idaho,1991,1041316
62,Illinois,1991,11568964
63,Indiana,1991,5616388
64,Iowa,1991,2797613
65,Kansas,1991,2498722
66,Kentucky,1991,3722328
67,Louisiana,1991,4253279
68,Maine,1991,1237081
69,Maryland,1991,4867641
70,Massachusetts,1991,6018470
71,Michigan,1991,9400446
72,Minnesota,1991,4440859
73,Mississippi,1991,2598733
74,Missouri,1991,5170800
75,Montana,1991,809680
76,Nebraska,1991,1595919
77,Nevada,1991,1296171
78,New Hampshire,1991,1109929
79,New Jersey,1991,7814676
80,New Mexico,1991,1555305
81,New York,1991,18122510
82,North Carolina,1991,6784280
83,North Dakota,1991,635753
84,Ohio,1991,10945762
85,Oklahoma,1991,3175440
86,Oregon,1991,2928507
87,Pennsylvania,1991,11982164
88,Rhode Island,1991,1010649
89,South Carolina,1991,3570404
90,South Dakota,1991,703669
91,Tennessee,1991,4966587
92,Texas,1991,17398005
93,Utah,1991,1779780
94,Vermont,1991,568606
95,Virginia,1991,6301217
96,Washington,1991,5025624
97,West Virginia,1991,1798735
98,Wisconsin,1991,4964343
99,Wyoming,1991,459260
100,Alabama,1992,4154014
101,Alaska,1992,588736
102,Arizona,1992,3915740
103,Arkansas,1992,2415984
104,California,1992,30974659
105,Colorado,1992,3495939
106,Connecticut,1992,3300712
107,Delaware,1992,694925
108,Florida,1992,13650553
109,Georgia,1992,6817203
110,Hawaii,1992,1158613
111,Idaho,1992,1071685
112,Illinois,1992,11694184
113,Indiana,1992,5674547
114,Iowa,1992,2818401
115,Kansas,1992,2532394
116,Kentucky,1992,3765469
117,Louisiana,1992,4293003
118,Maine,1992,1238508
119,Maryland,1992,4923368
120,Massachusetts,1992,6028709
121,Michigan,1992,9479065
122,Minnesota,1992,4495572
123,Mississippi,1992,2623734
124,Missouri,1992,5217101
125,Montana,1992,825770
126,Nebraska,1992,1611687
127,Nevada,1992,1351367
128,New Hampshire,1992,1117784
129,New Jersey,1992,7880508
130,New Mexico,1992,1595442
131,New York,1992,18246653
132,North Carolina,1992,6897214
133,North Dakota,1992,638223
134,Ohio,1992,11029431
135,Oklahoma,1992,3220517
136,Oregon,1992,2991755
137,Pennsylvania,1992,12049450
138,Rhode Island,1992,1012581
139,South Carolina,1992,3620464
140,South Dakota,1992,712801
141,Tennessee,1992,5049742
142,Texas,1992,17759738
143,Utah,1992,1836799
144,Vermont,1992,572751
145,Virginia,1992,6414307
146,Washington,1992,5160757
147,West Virginia,1992,1806451
148,Wisconsin,1992,5025398
149,Wyoming,1992,466251
150,Alabama,1993,4214202
151,Alaska,1993,599432
152,Arizona,1993,4065440
153,Arkansas,1993,2456303
154,California,1993,31274928
155,Colorado,1993,3613734
156,Connecticut,1993,3309175
157,Delaware,1993,706378
158,Florida,1993,13927185
159,Georgia,1993,6978240
160,Hawaii,1993,1172838
161,Idaho,1993,1108768
162,Illinois,1993,11809579
163,Indiana,1993,5739019
164,Iowa,1993,2836972
165,Kansas,1993,2556547
166,Kentucky,1993,3812206
167,Louisiana,1993,4316428
168,Maine,1993,1242302
169,Maryland,1993,4971889
170,Massachusetts,1993,6060569
171,Michigan,1993,9540114
172,Minnesota,1993,4555954
173,Mississippi,1993,2655100
174,Missouri,1993,5271175
175,Montana,1993,844761
176,Nebraska,1993,1625590
177,Nevada,1993,1411215
178,New Hampshire,1993,1129458
179,New Jersey,1993,7948915
180,New Mexico,1993,1636453
181,New York,1993,18374954
182,North Carolina,1993,7042818
183,North Dakota,1993,641216
184,Ohio,1993,11101140
185,Oklahoma,1993,3252285
186,Oregon,1993,3060367
187,Pennsylvania,1993,12119724
188,Rhode Island,1993,1015112
189,South Carolina,1993,3663314
190,South Dakota,1993,722159
191,Tennessee,1993,5137584
192,Texas,1993,18161612
193,Utah,1993,1898404
194,Vermont,1993,577748
195,Virginia,1993,6509630
196,Washington,1993,5278842
197,West Virginia,1993,1817539
198,Wisconsin,1993,5084889
199,Wyoming,1993,473081
200,Alabama,1994,4260229
201,Alaska,1994,603308
202,Arizona,1994,4245089
203,Arkansas,1994,2494019
204,California,1994,31484435
205,Colorado,1994,3724168
206,Connecticut,1994,3316121
207,Delaware,1994,717545
208,Florida,1994,14239444
209,Georgia,1994,7157165
210,Hawaii,1994,1187536
211,Idaho,1994,1145140
212,Illinois,1994,11912585
213,Indiana,1994,5793526
214,Iowa,1994,2850746
215,Kansas,1994,2580513
216,Kentucky,1994,3849088
217,Louisiana,1994,4347481
218,Maine,1994,1242662
219,Maryland,1994,5023060
220,Massachusetts,1994,6095241
221,Michigan,1994,9597737
222,Minnesota,1994,4610355
223,Mississippi,1994,2688992
224,Missouri,1994,5324497
225,Montana,1994,861306
226,Nebraska,1994,1639041
227,Nevada,1994,1499298
228,New Hampshire,1994,1142560
229,New Jersey,1994,8014306
230,New Mexico,1994,1682398
231,New York,1994,18459470
232,North Carolina,1994,7187398
233,North Dakota,1994,644804
234,Ohio,1994,11152454
235,Oklahoma,1994,3280940
236,Oregon,1994,3121264
237,Pennsylvania,1994,12166050
238,Rhode Island,1994,1015960
239,South Carolina,1994,3705397
240,South Dakota,1994,730790
241,Tennessee,1994,5231438
242,Texas,1994,18564062
243,Utah,1994,1960446
244,Vermont,1994,583836
245,Virginia,1994,6593139
246,Washington,1994,5375161
247,West Virginia,1994,1820421
248,Wisconsin,1994,5133678
249,Wyoming,1994,480283
250,Alabama,1995,4296800
251,Alaska,1995,604412
252,Arizona,1995,4432499
253,Arkansas,1995,2535399
254,California,1995,31696582
255,Colorado,1995,3826653
256,Connecticut,1995,3324144
257,Delaware,1995,729734
258,Florida,1995,14537875
259,Georgia,1995,7328413
260,Hawaii,1995,1196854
261,Idaho,1995,1177322
262,Illinois,1995,12008437
263,Indiana,1995,5851459
264,Iowa,1995,2867373
265,Kansas,1995,2601007
266,Kentucky,1995,3887427
267,Louisiana,1995,4378779
268,Maine,1995,1243480
269,Maryland,1995,5070033
270,Massachusetts,1995,6141445
271,Michigan,1995,9676211
272,Minnesota,1995,4660180
273,Mississippi,1995,2722659
274,Missouri,1995,5378247
275,Montana,1995,876553
276,Nebraska,1995,1656992
277,Nevada,1995,1581578
278,New Hampshire,1995,1157561
279,New Jersey,1995,8083242
280,New Mexico,1995,1720394
281,New York,1995,18524104
282,North Carolina,1995,7344674
283,North Dakota,1995,647832
284,Ohio,1995,11202751
285,Oklahoma,1995,3308208
286,Oregon,1995,3184369
287,Pennsylvania,1995,12198403
288,Rhode Island,1995,1017002
289,South Carolina,1995,3748582
290,South Dakota,1995,737925
291,Tennessee,1995,5326936
292,Texas,1995,18958751
293,Utah,1995,2014177
294,Vermont,1995,589002
295,Virginia,1995,6670693
296,Washington,1995,5481027
297,West Virginia,1995,1823700
298,Wisconsin,1995,5184836
299,Wyoming,1995,485160
300,Alabama,1996,4331102
301,Alaska,1996,608569
302,Arizona,1996,4586940
303,Arkansas,1996,2572109
304,California,1996,32018834
305,Colorado,1996,3919972
306,Connecticut,1996,3336685
307,Delaware,1996,740977
308,Florida,1996,14853360
309,Georgia,1996,7501069
310,Hawaii,1996,1203755
311,Idaho,1996,1203083
312,Illinois,1996,12101997
313,Indiana,1996,5906013
314,Iowa,1996,2880000
315,Kansas,1996,2614554
316,Kentucky,1996,3919535
317,Louisiana,1996,4398877
318,Maine,1996,1249060
319,Maryland,1996,5111986
320,Massachusetts,1996,6179756
321,Michigan,1996,9758645
322,Minnesota,1996,4712827
323,Mississippi,1996,2748085
324,Missouri,1996,5431553
325,Montana,1996,886254
326,Nebraska,1996,1673740
327,Nevada,1996,1666320
328,New Hampshire,1996,1174719
329,New Jersey,1996,8149596
330,New Mexico,1996,1752326
331,New York,1996,18588460
332,North Carolina,1996,7500670
333,North Dakota,1996,650382
334,Ohio,1996,11242827
335,Oklahoma,1996,3340129
336,Oregon,1996,3247111
337,Pennsylvania,1996,12220464
338,Rhode Island,1996,1020893
339,South Carolina,1996,3796200
340,South Dakota,1996,742213
341,Tennessee,1996,5416643
342,Texas,1996,19340342
343,Utah,1996,2067976
344,Vermont,1996,593701
345,Virginia,1996,6750884
346,Washington,1996,5569753
347,West Virginia,1996,1822808
348,Wisconsin,1996,5229986
349,Wyoming,1996,488167
350,Alabama,1997,4367935
351,Alaska,1997,612968
352,Arizona,1997,4736990
353,Arkansas,1997,2601090
354,California,1997,32486010
355,Colorado,1997,4018293
356,Connecticut,1997,3349348
357,Delaware,1997,751487
358,Florida,1997,15186304
359,Georgia,1997,7685099
360,Hawaii,1997,1211640
361,Idaho,1997,1228520
362,Illinois,1997,12185715
363,Indiana,1997,5955267
364,Iowa,1997,2891119
365,Kansas,1997,2635292
366,Kentucky,1997,3952747
367,Louisiana,1997,4421071
368,Maine,1997,1254774
369,Maryland,1997,5157328
370,Massachusetts,1997,6226058
371,Michigan,1997,9809051
372,Minnesota,1997,4763390
373,Mississippi,1997,2777004
374,Missouri,1997,5481193
375,Montana,1997,889865
376,Nebraska,1997,1686418
377,Nevada,1997,1764104
378,New Hampshire,1997,1189425
379,New Jersey,1997,8218808
380,New Mexico,1997,1774839
381,New York,1997,18656546
382,North Carolina,1997,7656825
383,North Dakota,1997,649716
384,Ohio,1997,11277357
385,Oklahoma,1997,3372917
386,Oregon,1997,3304310
387,Pennsylvania,1997,12227814
388,Rhode Island,1997,1025353
389,South Carolina,1997,3859696
390,South Dakota,1997,744223
391,Tennessee,1997,5499233
392,Texas,1997,19740317
393,Utah,1997,2119784
394,Vermont,1997,597239
395,Virginia,1997,6829183
396,Washington,1997,5674747
397,West Virginia,1997,1819113
398,Wisconsin,1997,5266213
399,Wyoming,1997,489451
400,Alabama,1998,4404701
401,Alaska,1998,619932
402,Arizona,1998,4883342
403,Arkansas,1998,2626289
404,California,1998,32987675
405,Colorado,1998,4116639
406,Connecticut,1998,3365352
407,Delaware,1998,763335
408,Florida,1998,15486559
409,Georgia,1998,7863536
410,Hawaii,1998,1215233
411,Idaho,1998,1252330
412,Illinois,1998,12271847
413,Indiana,1998,5998880
414,Iowa,1998,2902872
415,Kansas,1998,2660598
416,Kentucky,1998,3985390
417,Louisiana,1998,4440344
418,Maine,1998,1259127
419,Maryland,1998,5204464
420,Massachusetts,1998,6271838
421,Michigan,1998,9847942
422,Minnesota,1998,4813412
423,Mississippi,1998,2804834
424,Missouri,1998,5521765
425,Montana,1998,892431
426,Nebraska,1998,1695816
427,Nevada,1998,1853191
428,New Hampshire,1998,1205940
429,New Jersey,1998,8287418
430,New Mexico,1998,1793484
431,New York,1998,18755906
432,North Carolina,1998,7809121
433,North Dakota,1998,647532
434,Ohio,1998,11311536
435,Oklahoma,1998,3405194
436,Oregon,1998,3352449
437,Pennsylvania,1998,12245672
438,Rhode Island,1998,1031155
439,South Carolina,1998,3919235
440,South Dakota,1998,746058
441,Tennessee,1998,5570045
442,Texas,1998,20157531
443,Utah,1998,2165960
444,Vermont,1998,600416
445,Virginia,1998,6900918
446,Washington,1998,5769562
447,West Virginia,1998,1815609
448,Wisconsin,1998,5297672
449,Wyoming,1998,490787
450,Alabama,1999,4430141
451,Alaska,1999,624779
452,Arizona,1999,5023823
453,Arkansas,1999,2651860
454,California,1999,33499204
455,Colorado,1999,4226018
456,Connecticut,1999,3386401
457,Delaware,1999,774990
458,Florida,1999,15759421
459,Georgia,1999,8045965
460,Hawaii,1999,1210300
461,Idaho,1999,1275674
462,Illinois,1999,12359020
463,Indiana,1999,6044969
464,Iowa,1999,2917634
465,Kansas,1999,2678338
466,Kentucky,1999,4018053
467,Louisiana,1999,4460811
468,Maine,1999,1266808
469,Maryland,1999,5254509
470,Massachusetts,1999,6317345
471,Michigan,1999,9897116
472,Minnesota,1999,4873481
473,Mississippi,1999,2828408
474,Missouri,1999,5561948
475,Montana,1999,897507
476,Nebraska,1999,1704764
477,Nevada,1999,1934718
478,New Hampshire,1999,1222014
479,New Jersey,1999,8359592
480,New Mexico,1999,1808082
481,New York,1999,18882725
482,North Carolina,1999,7949361
483,North Dakota,1999,644259
484,Ohio,1999,11335454
485,Oklahoma,1999,3437147
486,Oregon,1999,3393941
487,Pennsylvania,1999,12263805
488,Rhode Island,1999,1040402
489,South Carolina,1999,3974682
490,South Dakota,1999,750412
491,Tennessee,1999,5638706
492,Texas,1999,20558220
493,Utah,1999,2203482
494,Vermont,1999,604683
495,Virginia,1999,7000174
496,Washington,1999,5842564
497,West Virginia,1999,1811799
498,Wisconsin,1999,5332666
499,Wyoming,1999,491780
0,Alabama,2000,4452173
1,Alaska,2000,627963
2,Arizona,2000,5160586
3,Arkansas,2000,2678588
4,California,2000,33987977
5,Colorado,2000,4326921
6,Connecticut,2000,3411777
7,Delaware,2000,786373
8,Florida,2000,16047515
9,Georgia,2000,8227303
10,Hawaii,2000,1213519
11,Idaho,2000,1299430
12,Illinois,2000,12434161
13,Indiana,2000,6091866
14,Iowa,2000,2929067
15,Kansas,2000,2693681
16,Kentucky,2000,4049021
17,Louisiana,2000,4471885
18,Maine,2000,1277072
19,Maryland,2000,5311034
20,Massachusetts,2000,6361104
21,Michigan,2000,9952450
22,Minnesota,2000,4933692
23,Mississippi,2000,2848353
24,Missouri,2000,5607285
25,Montana,2000,903773
26,Nebraska,2000,1713820
27,Nevada,2000,2018741
28,New Hampshire,2000,1239882
29,New Jersey,2000,8430621
30,New Mexico,2000,1821204
31,New York,2000,19001780
32,North Carolina,2000,8081614
33,North Dakota,2000,642023
34,Ohio,2000,11363543
35,Oklahoma,2000,3454365
36,Oregon,2000,3429708
37,Pennsylvania,2000,12284173
38,Rhode Island,2000,1050268
39,South Carolina,2000,4024223
40,South Dakota,2000,755844
41,Tennessee,2000,5703719
42,Texas,2000,20944499
43,Utah,2000,2244502
44,Vermont,2000,609618
45,Virginia,2000,7105817
46,Washington,2000,5910512
47,West Virginia,2000,1807021
48,Wisconsin,2000,5373999
49,Wyoming,2000,494300
50,Alabama,2001,4467634
51,Alaska,2001,633714
52,Arizona,2001,5273477
53,Arkansas,2001,2691571
54,California,2001,34479458
55,Colorado,2001,4425687
56,Connecticut,2001,3432835
57,Delaware,2001,795699
58,Florida,2001,16356966
59,Georgia,2001,8377038
60,Hawaii,2001,1225948
61,Idaho,2001,1319962
62,Illinois,2001,12488445
63,Indiana,2001,6127760
64,Iowa,2001,2931997
65,Kansas,2001,2702162
66,Kentucky,2001,4068132
67,Louisiana,2001,4477875
68,Maine,2001,1285692
69,Maryland,2001,5374691
70,Massachusetts,2001,6397634
71,Michigan,2001,9991120
72,Minnesota,2001,4982796
73,Mississippi,2001,2852994
74,Missouri,2001,5641142
75,Montana,2001,906961
76,Nebraska,2001,1719836
77,Nevada,2001,2098399
78,New Hampshire,2001,1255517
79,New Jersey,2001,8492671
80,New Mexico,2001,1831690
81,New York,2001,19082838
82,North Carolina,2001,8210122
83,North Dakota,2001,639062
84,Ohio,2001,11387404
85,Oklahoma,2001,3467100
86,Oregon,2001,3467937
87,Pennsylvania,2001,12298970
88,Rhode Island,2001,1057142
89,South Carolina,2001,4064995
90,South Dakota,2001,757972
91,Tennessee,2001,5750789
92,Texas,2001,21319622
93,Utah,2001,2283715
94,Vermont,2001,612223
95,Virginia,2001,7198362
96,Washington,2001,5985722
97,West Virginia,2001,1801481
98,Wisconsin,2001,5406835
99,Wyoming,2001,494657
100,Alabama,2002,4480089
101,Alaska,2002,642337
102,Arizona,2002,5396255
103,Arkansas,2002,2705927
104,California,2002,34871843
105,Colorado,2002,4490406
106,Connecticut,2002,3458749
107,Delaware,2002,806169
108,Florida,2002,16689370
109,Georgia,2002,8508256
110,Hawaii,2002,1239613
111,Idaho,2002,1340372
112,Illinois,2002,12525556
113,Indiana,2002,6155967
114,Iowa,2002,2934234
115,Kansas,2002,2713535
116,Kentucky,2002,4089875
117,Louisiana,2002,4497267
118,Maine,2002,1295960
119,Maryland,2002,5440389
120,Massachusetts,2002,6417206
121,Michigan,2002,10015710
122,Minnesota,2002,5018935
123,Mississippi,2002,2858681
124,Missouri,2002,5674825
125,Montana,2002,911667
126,Nebraska,2002,1728292
127,Nevada,2002,2173791
128,New Hampshire,2002,1269089
129,New Jersey,2002,8552643
130,New Mexico,2002,1855309
131,New York,2002,19137800
132,North Carolina,2002,8326201
133,North Dakota,2002,638168
134,Ohio,2002,11407889
135,Oklahoma,2002,3489080
136,Oregon,2002,3513424
137,Pennsylvania,2002,12331031
138,Rhode Island,2002,1065995
139,South Carolina,2002,4107795
140,South Dakota,2002,760020
141,Tennessee,2002,5795918
142,Texas,2002,21690325
143,Utah,2002,2324815
144,Vermont,2002,615442
145,Virginia,2002,7286873
146,Washington,2002,6052349
147,West Virginia,2002,1805414
148,Wisconsin,2002,5445162
149,Wyoming,2002,500017
150,Alabama,2003,4503491
151,Alaska,2003,648414
152,Arizona,2003,5510364
153,Arkansas,2003,2724816
154,California,2003,35253159
155,Colorado,2003,4528732
156,Connecticut,2003,3484336
157,Delaware,2003,818003
158,Florida,2003,17004085
159,Georgia,2003,8622793
160,Hawaii,2003,1251154
161,Idaho,2003,1363380
162,Illinois,2003,12556006
163,Indiana,2003,6196638
164,Iowa,2003,2941999
165,Kansas,2003,2723004
166,Kentucky,2003,4117170
167,Louisiana,2003,4521042
168,Maine,2003,1306513
169,Maryland,2003,5496269
170,Massachusetts,2003,6422565
171,Michigan,2003,10041152
172,Minnesota,2003,5053572
173,Mississippi,2003,2868312
174,Missouri,2003,5709403
175,Montana,2003,919630
176,Nebraska,2003,1738643
177,Nevada,2003,2248850
178,New Hampshire,2003,1279840
179,New Jersey,2003,8601402
180,New Mexico,2003,1877574
181,New York,2003,19175939
182,North Carolina,2003,8422501
183,North Dakota,2003,638817
184,Ohio,2003,11434788
185,Oklahoma,2003,3504892
186,Oregon,2003,3547376
187,Pennsylvania,2003,12374658
188,Rhode Island,2003,1071342
189,South Carolina,2003,4150297
190,South Dakota,2003,763729
191,Tennessee,2003,5847812
192,Texas,2003,22030931
193,Utah,2003,2360137
194,Vermont,2003,617858
195,Virginia,2003,7366977
196,Washington,2003,6104115
197,West Virginia,2003,1812295
198,Wisconsin,2003,5479203
199,Wyoming,2003,503453
200,Alabama,2004,4530729
201,Alaska,2004,659286
202,Arizona,2004,5652404
203,Arkansas,2004,2749686
204,California,2004,35574576
205,Colorado,2004,4575013
206,Connecticut,2004,3496094
207,Delaware,2004,830803
208,Florida,2004,17415318
209,Georgia,2004,8769252
210,Hawaii,2004,1273569
211,Idaho,2004,1391802
212,Illinois,2004,12589773
213,Indiana,2004,6233007
214,Iowa,2004,2953635
215,Kansas,2004,2734373
216,Kentucky,2004,4146101
217,Louisiana,2004,4552238
218,Maine,2004,1313688
219,Maryland,2004,5546935
220,Massachusetts,2004,6412281
221,Michigan,2004,10055315
222,Minnesota,2004,5087713
223,Mississippi,2004,2889010
224,Missouri,2004,5747741
225,Montana,2004,930009
226,Nebraska,2004,1749370
227,Nevada,2004,2346222
228,New Hampshire,2004,1290121
229,New Jersey,2004,8634561
230,New Mexico,2004,1903808
231,New York,2004,19171567
232,North Carolina,2004,8553152
233,North Dakota,2004,644705
234,Ohio,2004,11452251
235,Oklahoma,2004,3525233
236,Oregon,2004,3569463
237,Pennsylvania,2004,12410722
238,Rhode Island,2004,1074579
239,South Carolina,2004,4210921
240,South Dakota,2004,770396
241,Tennessee,2004,5910809
242,Texas,2004,22394023
243,Utah,2004,2401580
244,Vermont,2004,619920
245,Virginia,2004,7475575
246,Washington,2004,6178645
247,West Virginia,2004,1816438
248,Wisconsin,2004,5514026
249,Wyoming,2004,509106
250,Alabama,2005,4569805
251,Alaska,2005,666946
252,Arizona,2005,5839077
253,Arkansas,2005,2781097
254,California,2005,35827943
255,Colorado,2005,4631888
256,Connecticut,2005,3506956
257,Delaware,2005,845150
258,Florida,2005,17842038
259,Georgia,2005,8925922
260,Hawaii,2005,1292729
261,Idaho,2005,1428241
262,Illinois,2005,12609903
263,Indiana,2005,6278616
264,Iowa,2005,2964454
265,Kansas,2005,2745299
266,Kentucky,2005,4182742
267,Louisiana,2005,4576628
268,Maine,2005,1318787
269,Maryland,2005,5592379
270,Massachusetts,2005,6403290
271,Michigan,2005,10051137
272,Minnesota,2005,5119598
273,Mississippi,2005,2905943
274,Missouri,2005,5790300
275,Montana,2005,940102
276,Nebraska,2005,1761497
277,Nevada,2005,2432143
278,New Hampshire,2005,1298492
279,New Jersey,2005,8651974
280,New Mexico,2005,1932274
281,New York,2005,19132610
282,North Carolina,2005,8705407
283,North Dakota,2005,646089
284,Ohio,2005,11463320
285,Oklahoma,2005,3548597
286,Oregon,2005,3613202
287,Pennsylvania,2005,12449990
288,Rhode Island,2005,1067916
289,South Carolina,2005,4270150
290,South Dakota,2005,775493
291,Tennessee,2005,5991057
292,Texas,2005,22778123
293,Utah,2005,2457719
294,Vermont,2005,621215
295,Virginia,2005,7577105
296,Washington,2005,6257305
297,West Virginia,2005,1820492
298,Wisconsin,2005,5546166
299,Wyoming,2005,514157
300,Alabama,2006,4628981
301,Alaska,2006,675302
302,Arizona,2006,6029141
303,Arkansas,2006,2821761
304,California,2006,36021202
305,Colorado,2006,4720423
306,Connecticut,2006,3517460
307,Delaware,2006,859268
308,Florida,2006,18166990
309,Georgia,2006,9155813
310,Hawaii,2006,1309731
311,Idaho,2006,1468669
312,Illinois,2006,12643955
313,Indiana,2006,6332669
314,Iowa,2006,2982644
315,Kansas,2006,2762931
316,Kentucky,2006,4219239
317,Louisiana,2006,4302665
318,Maine,2006,1323619
319,Maryland,2006,5627367
320,Massachusetts,2006,6410084
321,Michigan,2006,10036081
322,Minnesota,2006,5163555
323,Mississippi,2006,2904978
324,Missouri,2006,5842704
325,Montana,2006,952692
326,Nebraska,2006,1772693
327,Nevada,2006,2522658
328,New Hampshire,2006,1308389
329,New Jersey,2006,8661679
330,New Mexico,2006,1962137
331,New York,2006,19104631
332,North Carolina,2006,8917270
333,North Dakota,2006,649422
334,Ohio,2006,11481213
335,Oklahoma,2006,3594090
336,Oregon,2006,3670883
337,Pennsylvania,2006,12510809
338,Rhode Island,2006,1063096
339,South Carolina,2006,4357847
340,South Dakota,2006,783033
341,Tennessee,2006,6088766
342,Texas,2006,23359580
343,Utah,2006,2525507
344,Vermont,2006,622892
345,Virginia,2006,7673725
346,Washington,2006,6370753
347,West Virginia,2006,1827912
348,Wisconsin,2006,5577655
349,Wyoming,2006,522667
350,Alabama,2007,4672840
351,Alaska,2007,680300
352,Arizona,2007,6167681
353,Arkansas,2007,2848650
354,California,2007,36250311
355,Colorado,2007,4803868
356,Connecticut,2007,3527270
357,Delaware,2007,871749
358,Florida,2007,18367842
359,Georgia,2007,9349988
360,Hawaii,2007,1315675
361,Idaho,2007,1505105
362,Illinois,2007,12695866
363,Indiana,2007,6379599
364,Iowa,2007,2999212
365,Kansas,2007,2783785
366,Kentucky,2007,4256672
367,Louisiana,2007,4375581
368,Maine,2007,1327040
369,Maryland,2007,5653408
370,Massachusetts,2007,6431559
371,Michigan,2007,10001284
372,Minnesota,2007,5207203
373,Mississippi,2007,2928350
374,Missouri,2007,5887612
375,Montana,2007,964706
376,Nebraska,2007,1783440
377,Nevada,2007,2601072
378,New Hampshire,2007,1312540
379,New Jersey,2007,8677885
380,New Mexico,2007,1990070
381,New York,2007,19132335
382,North Carolina,2007,9118037
383,North Dakota,2007,652822
384,Ohio,2007,11500468
385,Oklahoma,2007,3634349
386,Oregon,2007,3722417
387,Pennsylvania,2007,12563937
388,Rhode Island,2007,1057315
389,South Carolina,2007,4444110
390,South Dakota,2007,791623
391,Tennessee,2007,6175727
392,Texas,2007,23831983
393,Utah,2007,2597746
394,Vermont,2007,623481
395,Virginia,2007,7751000
396,Washington,2007,6461587
397,West Virginia,2007,1834052
398,Wisconsin,2007,5610775
399,Wyoming,2007,534876
400,Alabama,2008,4718206
401,Alaska,2008,687455
402,Arizona,2008,6280362
403,Arkansas,2008,2874554
404,California,2008,36604337
405,Colorado,2008,4889730
406,Connecticut,2008,3545579
407,Delaware,2008,883874
408,Florida,2008,18527305
409,Georgia,2008,9504843
410,Hawaii,2008,1332213
411,Idaho,2008,1534320
412,Illinois,2008,12747038
413,Indiana,2008,6424806
414,Iowa,2008,3016734
415,Kansas,2008,2808076
416,Kentucky,2008,4289878
417,Louisiana,2008,4435586
418,Maine,2008,1330509
419,Maryland,2008,5684965
420,Massachusetts,2008,6468967
421,Michigan,2008,9946889
422,Minnesota,2008,5247018
423,Mississippi,2008,2947806
424,Missouri,2008,5923916
425,Montana,2008,976415
426,Nebraska,2008,1796378
427,Nevada,2008,2653630
428,New Hampshire,2008,1315906
429,New Jersey,2008,8711090
430,New Mexico,2008,2010662
431,New York,2008,19212436
432,North Carolina,2008,9309449
433,North Dakota,2008,657569
434,Ohio,2008,11515391
435,Oklahoma,2008,3668976
436,Oregon,2008,3768748
437,Pennsylvania,2008,12612285
438,Rhode Island,2008,1055003
439,South Carolina,2008,4528996
440,South Dakota,2008,799124
441,Tennessee,2008,6247411
442,Texas,2008,24309039
443,Utah,2008,2663029
444,Vermont,2008,624151
445,Virginia,2008,7833496
446,Washington,2008,6562231
447,West Virginia,2008,1840310
448,Wisconsin,2008,5640996
449,Wyoming,2008,546043
450,Alabama,2009,4757938
451,Alaska,2009,698895
452,Arizona,2009,6343154
453,Arkansas,2009,2896843
454,California,2009,36961229
455,Colorado,2009,4972195
456,Connecticut,2009,3561807
457,Delaware,2009,891730
458,Florida,2009,18652644
459,Georgia,2009,9620846
460,Hawaii,2009,1346717
461,Idaho,2009,1554439
462,Illinois,2009,12796778
463,Indiana,2009,6459325
464,Iowa,2009,3032870
465,Kansas,2009,2832704
466,Kentucky,2009,4317074
467,Louisiana,2009,4491648
468,Maine,2009,1329590
469,Maryland,2009,5730388
470,Massachusetts,2009,6517613
471,Michigan,2009,9901591
472,Minnesota,2009,5281203
473,Mississippi,2009,2958774
474,Missouri,2009,5961088
475,Montana,2009,983982
476,Nebraska,2009,1812683
477,Nevada,2009,2684665
478,New Hampshire,2009,1316102
479,New Jersey,2009,8755602
480,New Mexico,2009,2036802
481,New York,2009,19307066
482,North Carolina,2009,9449566
483,North Dakota,2009,664968
484,Ohio,2009,11528896
485,Oklahoma,2009,3717572
486,Oregon,2009,3808600
487,Pennsylvania,2009,12666858
488,Rhode Island,2009,1053646
489,South Carolina,2009,4589872
490,South Dakota,2009,807067
491,Tennessee,2009,6306019
492,Texas,2009,24801761
493,Utah,2009,2723421
494,Vermont,2009,624817
495,Virginia,2009,7925937
496,Washington,2009,6667426
497,West Virginia,2009,1847775
498,Wisconsin,2009,5669264
499,Wyoming,2009,559851
0,Alabama,2010,4785492
1,Alaska,2010,714031
2,Arizona,2010,6408312
3,Arkansas,2010,2921995
4,California,2010,37332685
5,Colorado,2010,5048644
6,Connecticut,2010,3579899
7,Delaware,2010,899816
8,Florida,2010,18849098
9,Georgia,2010,9713521
10,Hawaii,2010,1363945
11,Idaho,2010,1571010
12,Illinois,2010,12841578
13,Indiana,2010,6490528
14,Iowa,2010,3050738
15,Kansas,2010,2858850
16,Kentucky,2010,4348662
17,Louisiana,2010,4544996
18,Maine,2010,1327730
19,Maryland,2010,5788584
20,Massachusetts,2010,6565524
21,Michigan,2010,9877495
22,Minnesota,2010,5311147
23,Mississippi,2010,2970322
24,Missouri,2010,5996118
25,Montana,2010,990641
26,Nebraska,2010,1830051
27,Nevada,2010,2703284
28,New Hampshire,2010,1316872
29,New Jersey,2010,8803729
30,New Mexico,2010,2064756
31,New York,2010,19402640
32,North Carolina,2010,9558915
33,North Dakota,2010,674526
34,Ohio,2010,11540983
35,Oklahoma,2010,3759603
36,Oregon,2010,3838048
37,Pennsylvania,2010,12712343
38,Rhode Island,2010,1053337
39,South Carolina,2010,4635943
40,South Dakota,2010,816325
41,Tennessee,2010,6356671
42,Texas,2010,25244310
43,Utah,2010,2775326
44,Vermont,2010,625982
45,Virginia,2010,8025773
46,Washington,2010,6743226
47,West Virginia,2010,1854230
48,Wisconsin,2010,5690263
49,Wyoming,2010,564513
50,Alabama,2011,4799918
51,Alaska,2011,722713
52,Arizona,2011,6467163
53,Arkansas,2011,2939493
54,California,2011,37676861
55,Colorado,2011,5118360
56,Connecticut,2011,3589893
57,Delaware,2011,907924
58,Florida,2011,19096952
59,Georgia,2011,9811610
60,Hawaii,2011,1377864
61,Idaho,2011,1584143
62,Illinois,2011,12860012
63,Indiana,2011,6516480
64,Iowa,2011,3065223
65,Kansas,2011,2869503
66,Kentucky,2011,4369354
67,Louisiana,2011,4575404
68,Maine,2011,1328231
69,Maryland,2011,5843603
70,Massachusetts,2011,6611923
71,Michigan,2011,9876213
72,Minnesota,2011,5348562
73,Mississippi,2011,2978162
74,Missouri,2011,6010717
75,Montana,2011,997821
76,Nebraska,2011,1842283
77,Nevada,2011,2718379
78,New Hampshire,2011,1318473
79,New Jersey,2011,8841243
80,New Mexico,2011,2077756
81,New York,2011,19519529
82,North Carolina,2011,9650963
83,North Dakota,2011,685476
84,Ohio,2011,11544824
85,Oklahoma,2011,3786274
86,Oregon,2011,3868031
87,Pennsylvania,2011,12744293
88,Rhode Island,2011,1052451
89,South Carolina,2011,4672637
90,South Dakota,2011,824398
91,Tennessee,2011,6397634
92,Texas,2011,25646389
93,Utah,2011,2816124
94,Vermont,2011,626730
95,Virginia,2011,8110035
96,Washington,2011,6822520
97,West Virginia,2011,1854972
98,Wisconsin,2011,5709640
99,Wyoming,2011,567725
100,Alabama,2012,4815960
101,Alaska,2012,731089
102,Arizona,2012,6549634
103,Arkansas,2012,2950685
104,California,2012,38011074
105,Colorado,2012,5189867
106,Connecticut,2012,3593795
107,Delaware,2012,916993
108,Florida,2012,19344156
109,Georgia,2012,9914668
110,Hawaii,2012,1391820
111,Idaho,2012,1595911
112,Illinois,2012,12870798
113,Indiana,2012,6537743
114,Iowa,2012,3076310
115,Kansas,2012,2885262
116,Kentucky,2012,4384799
117,Louisiana,2012,4603429
118,Maine,2012,1328895
119,Maryland,2012,5889651
120,Massachusetts,2012,6658008
121,Michigan,2012,9887238
122,Minnesota,2012,5380285
123,Mississippi,2012,2984945
124,Missouri,2012,6025415
125,Montana,2012,1005196
126,Nebraska,2012,1855725
127,Nevada,2012,2752565
128,New Hampshire,2012,1321182
129,New Jersey,2012,8873211
130,New Mexico,2012,2083784
131,New York,2012,19602769
132,North Carolina,2012,9746175
133,North Dakota,2012,702087
134,Ohio,2012,11550839
135,Oklahoma,2012,3817054
136,Oregon,2012,3899116
137,Pennsylvania,2012,12771854
138,Rhode Island,2012,1052901
139,South Carolina,2012,4720760
140,South Dakota,2012,834441
141,Tennessee,2012,6454306
142,Texas,2012,26071655
143,Utah,2012,2855782
144,Vermont,2012,626444
145,Virginia,2012,8192048
146,Washington,2012,6895226
147,West Virginia,2012,1856560
148,Wisconsin,2012,5726177
149,Wyoming,2012,576765
150,Alabama,2013,4829479
151,Alaska,2013,736879
152,Arizona,2013,6624617
153,Arkansas,2013,2958663
154,California,2013,38335203
155,Colorado,2013,5267603
156,Connecticut,2013,3596003
157,Delaware,2013,925395
158,Florida,2013,19582022
159,Georgia,2013,9984938
160,Hawaii,2013,1406481
161,Idaho,2013,1612011
162,Illinois,2013,12879505
163,Indiana,2013,6569102
164,Iowa,2013,3091930
165,Kansas,2013,2892821
166,Kentucky,2013,4400477
167,Louisiana,2013,4626402
168,Maine,2013,1329076
169,Maryland,2013,5931129
170,Massachusetts,2013,6706786
171,Michigan,2013,9898982
172,Minnesota,2013,5418521
173,Mississippi,2013,2990482
174,Missouri,2013,6042711
175,Montana,2013,1014314
176,Nebraska,2013,1868559
177,Nevada,2013,2786464
178,New Hampshire,2013,1322687
179,New Jersey,2013,8899162
180,New Mexico,2013,2085193
181,New York,2013,19673546
182,North Carolina,2013,9841590
183,North Dakota,2013,724019
184,Ohio,2013,11570022
185,Oklahoma,2013,3852415
186,Oregon,2013,3925751
187,Pennsylvania,2013,12781338
188,Rhode Island,2013,1053033
189,South Carolina,2013,4767894
190,South Dakota,2013,844922
191,Tennessee,2013,6494821
192,Texas,2013,26473525
193,Utah,2013,2902663
194,Vermont,2013,627140
195,Virginia,2013,8262692
196,Washington,2013,6968006
197,West Virginia,2013,1853231
198,Wisconsin,2013,5742854
199,Wyoming,2013,582684
200,Alabama,2014,4843214
201,Alaska,2014,736705
202,Arizona,2014,6719993
203,Arkansas,2014,2966912
204,California,2014,38680810
205,Colorado,2014,5349648
206,Connecticut,2014,3591873
207,Delaware,2014,934948
208,Florida,2014,19888741
209,Georgia,2014,10087231
210,Hawaii,2014,1416349
211,Idaho,2014,1633532
212,Illinois,2014,12867544
213,Indiana,2014,6595233
214,Iowa,2014,3108030
215,Kansas,2014,2899360
216,Kentucky,2014,4413057
217,Louisiana,2014,4647880
218,Maine,2014,1330719
219,Maryland,2014,5967295
220,Massachusetts,2014,6749911
221,Michigan,2014,9915767
222,Minnesota,2014,5453109
223,Mississippi,2014,2992400
224,Missouri,2014,6060930
225,Montana,2014,1022867
226,Nebraska,2014,1881145
227,Nevada,2014,2833013
228,New Hampshire,2014,1328743
229,New Jersey,2014,8925001
230,New Mexico,2014,2083024
231,New York,2014,19718515
232,North Carolina,2014,9934399
233,North Dakota,2014,739904
234,Ohio,2014,11594408
235,Oklahoma,2014,3877499
236,Oregon,2014,3968371
237,Pennsylvania,2014,12790565
238,Rhode Island,2014,1054480
239,South Carolina,2014,4828430
240,South Dakota,2014,852561
241,Tennessee,2014,6544663
242,Texas,2014,26944751
243,Utah,2014,2941836
244,Vermont,2014,626984
245,Virginia,2014,8317372
246,Washington,2014,7054196
247,West Virginia,2014,1848514
248,Wisconsin,2014,5758377
249,Wyoming,2014,583642
250,Alabama,2015,4853875
251,Alaska,2015,737709
252,Arizona,2015,6817565
253,Arkansas,2015,2977853
254,California,2015,38993940
255,Colorado,2015,5448819
256,Connecticut,2015,3584730
257,Delaware,2015,944076
258,Florida,2015,20244914
259,Georgia,2015,10199398
260,Hawaii,2015,1425157
261,Idaho,2015,1652828
262,Illinois,2015,12839047
263,Indiana,2015,6612768
264,Iowa,2015,3121997
265,Kansas,2015,2906721
266,Kentucky,2015,4424611
267,Louisiana,2015,4668960
268,Maine,2015,1329453
269,Maryland,2015,5994983
270,Massachusetts,2015,6784240
271,Michigan,2015,9917715
272,Minnesota,2015,5482435
273,Mississippi,2015,2989390
274,Missouri,2015,6076204
275,Montana,2015,1032073
276,Nebraska,2015,1893765
277,Nevada,2015,2883758
278,New Hampshire,2015,1330111
279,New Jersey,2015,8935421
280,New Mexico,2015,2080328
281,New York,2015,19747183
282,North Carolina,2015,10035186
283,North Dakota,2015,756835
284,Ohio,2015,11605090
285,Oklahoma,2015,3907414
286,Oregon,2015,4024634
287,Pennsylvania,2015,12791904
288,Rhode Island,2015,1055607
289,South Carolina,2015,4894834
290,South Dakota,2015,857919
291,Tennessee,2015,6595056
292,Texas,2015,27429639
293,Utah,2015,2990632
294,Vermont,2015,626088
295,Virginia,2015,8367587
296,Washington,2015,7160290
297,West Virginia,2015,1841053
298,Wisconsin,2015,5767891
299,Wyoming,2015,586555
300,Alabama,2016,4863300
301,Alaska,2016,741894
302,Arizona,2016,6931071
303,Arkansas,2016,2988248
304,California,2016,39250017
305,Colorado,2016,5540545
306,Connecticut,2016,3576452
307,Delaware,2016,952065
308,Florida,2016,20612439
309,Georgia,2016,10310371
310,Hawaii,2016,1428557
311,Idaho,2016,1683140
312,Illinois,2016,12801539
313,Indiana,2016,6633053
314,Iowa,2016,3134693
315,Kansas,2016,2907289
316,Kentucky,2016,4436974
317,Louisiana,2016,4681666
318,Maine,2016,1331479
319,Maryland,2016,6016447
320,Massachusetts,2016,6811779
321,Michigan,2016,9928300
322,Minnesota,2016,5519952
323,Mississippi,2016,2988726
324,Missouri,2016,6093000
325,Montana,2016,1042520
326,Nebraska,2016,1907116
327,Nevada,2016,2940058
328,New Hampshire,2016,1334795
329,New Jersey,2016,8944469
330,New Mexico,2016,2081015
331,New York,2016,19745289
332,North Carolina,2016,10146788
333,North Dakota,2016,757952
334,Ohio,2016,11614373
335,Oklahoma,2016,3923561
336,Oregon,2016,4093465
337,Pennsylvania,2016,12784227
338,Rhode Island,2016,1056426
339,South Carolina,2016,4961119
340,South Dakota,2016,865454
341,Tennessee,2016,6651194
342,Texas,2016,27862596
343,Utah,2016,3051217
344,Vermont,2016,624594
345,Virginia,2016,8411808
346,Washington,2016,7288000
347,West Virginia,2016,1831102
348,Wisconsin,2016,5778708
349,Wyoming,2016,585501
